{
  "type": "FeatureCollection",
  "features": [
    {
      "type": "Feature",
      "properties": {
        "id": 1,
        "codigo": "201304",
        "nombre": "AGUAS CLARAS"
      },
      "geometry": {
        "type": "Point",
        "coordinates": [
          -74.06910044088663,
          4.557022523592561
        ]
      }
    },
    {
      "type": "Feature",
      "properties": {
        "id": 2,
        "codigo": "004645",
        "nombre": "CA\u00d1AVERALEJO I"
      },
      "geometry": {
        "type": "Point",
        "coordinates": [
          -74.1999494897196,
          4.644668306879849
        ]
      }
    },
    {
      "type": "Feature",
      "properties": {
        "id": 3,
        "codigo": "004546",
        "nombre": "VILLA DEL RIO"
      },
      "geometry": {
        "type": "Point",
        "coordinates": [
          -74.15846940232895,
          4.600628641512667
        ]
      }
    },
    {
      "type": "Feature",
      "properties": {
        "id": 4,
        "codigo": "002418",
        "nombre": "LA ESTANCIA"
      },
      "geometry": {
        "type": "Point",
        "coordinates": [
          -74.17466307627285,
          4.594385042992945
        ]
      }
    },
    {
      "type": "Feature",
      "properties": {
        "id": 5,
        "codigo": "004563",
        "nombre": "GUADALUPE"
      },
      "geometry": {
        "type": "Point",
        "coordinates": [
          -74.15397146898329,
          4.597203297103284
        ]
      }
    },
    {
      "type": "Feature",
      "properties": {
        "id": 6,
        "codigo": "004542",
        "nombre": "ALQUERIA LA FRAGUA NORTE"
      },
      "geometry": {
        "type": "Point",
        "coordinates": [
          -74.1331843595811,
          4.6056183168423015
        ]
      }
    },
    {
      "type": "Feature",
      "properties": {
        "id": 7,
        "codigo": "004401",
        "nombre": "SAN EUSEBIO"
      },
      "geometry": {
        "type": "Point",
        "coordinates": [
          -74.12339772438537,
          4.6076642054071
        ]
      }
    },
    {
      "type": "Feature",
      "properties": {
        "id": 8,
        "codigo": "004408",
        "nombre": "TEJAR"
      },
      "geometry": {
        "type": "Point",
        "coordinates": [
          -74.12913437437527,
          4.605991800457985
        ]
      }
    },
    {
      "type": "Feature",
      "properties": {
        "id": 9,
        "codigo": "004515",
        "nombre": "TUNDAMA"
      },
      "geometry": {
        "type": "Point",
        "coordinates": [
          -74.15009124936499,
          4.601499012398493
        ]
      }
    },
    {
      "type": "Feature",
      "properties": {
        "id": 10,
        "codigo": "004572",
        "nombre": "CORREDOR FERREO DEL SUR"
      },
      "geometry": {
        "type": "Point",
        "coordinates": [
          -74.14352744284972,
          4.605044638663047
        ]
      }
    },
    {
      "type": "Feature",
      "properties": {
        "id": 12,
        "codigo": "104107",
        "nombre": "BELLA FLOR SUR"
      },
      "geometry": {
        "type": "Point",
        "coordinates": [
          -74.16325790626102,
          4.539893453353362
        ]
      }
    },
    {
      "type": "Feature",
      "properties": {
        "id": 13,
        "codigo": "104110",
        "nombre": "QUIBA BAJO"
      },
      "geometry": {
        "type": "Point",
        "coordinates": [
          -74.17112925720184,
          4.52780394580577
        ]
      }
    },
    {
      "type": "Feature",
      "properties": {
        "id": 14,
        "codigo": "207110",
        "nombre": "CASABLANCA SUBA OTO\u00d1O"
      },
      "geometry": {
        "type": "Point",
        "coordinates": [
          -74.05038121661137,
          4.781634068185857
        ]
      }
    },
    {
      "type": "Feature",
      "properties": {
        "id": 15,
        "codigo": "107110",
        "nombre": "CASABLANCA SUBA I"
      },
      "geometry": {
        "type": "Point",
        "coordinates": [
          -74.0567696498416,
          4.778765063634743
        ]
      }
    },
    {
      "type": "Feature",
      "properties": {
        "id": 16,
        "codigo": "009136",
        "nombre": "CASABLANCA SUBA URBANO"
      },
      "geometry": {
        "type": "Point",
        "coordinates": [
          -74.04449586835018,
          4.808177153852428
        ]
      }
    },
    {
      "type": "Feature",
      "properties": {
        "id": 17,
        "codigo": "009144",
        "nombre": "EL OTO\u00d1O I"
      },
      "geometry": {
        "type": "Point",
        "coordinates": [
          -74.04603599891612,
          4.776788886198896
        ]
      }
    },
    {
      "type": "Feature",
      "properties": {
        "id": 18,
        "codigo": "207111",
        "nombre": "EL OTO\u00d1O"
      },
      "geometry": {
        "type": "Point",
        "coordinates": [
          -74.0484805129003,
          4.77794637791116
        ]
      }
    },
    {
      "type": "Feature",
      "properties": {
        "id": 19,
        "codigo": "105106",
        "nombre": "LA MAGDALENA RURAL"
      },
      "geometry": {
        "type": "Point",
        "coordinates": [
          -74.15409445388535,
          4.660818673762112
        ]
      }
    },
    {
      "type": "Feature",
      "properties": {
        "id": 20,
        "codigo": "002571",
        "nombre": "ANTONIO JOSE DE SUCRE"
      },
      "geometry": {
        "type": "Point",
        "coordinates": [
          -74.11461153392264,
          4.492645887963184
        ]
      }
    },
    {
      "type": "Feature",
      "properties": {
        "id": 21,
        "codigo": "102601",
        "nombre": "CENTRO USME RURAL"
      },
      "geometry": {
        "type": "Point",
        "coordinates": [
          -74.13055966335934,
          4.468324066692047
        ]
      }
    },
    {
      "type": "Feature",
      "properties": {
        "id": 22,
        "codigo": "009107",
        "nombre": "PRADO VERANIEGO"
      },
      "geometry": {
        "type": "Point",
        "coordinates": [
          -74.05503671905824,
          4.717010778257992
        ]
      }
    },
    {
      "type": "Feature",
      "properties": {
        "id": 23,
        "codigo": "007309",
        "nombre": "BENJAMIN HERRERA"
      },
      "geometry": {
        "type": "Point",
        "coordinates": [
          -74.07636234797785,
          4.654158694286443
        ]
      }
    },
    {
      "type": "Feature",
      "properties": {
        "id": 24,
        "codigo": "204129",
        "nombre": "EL MOCHUELO II NORTE"
      },
      "geometry": {
        "type": "Point",
        "coordinates": [
          -74.1476606501951,
          4.531858840220536
        ]
      }
    },
    {
      "type": "Feature",
      "properties": {
        "id": 25,
        "codigo": "103107",
        "nombre": "LAS PALMAS"
      },
      "geometry": {
        "type": "Point",
        "coordinates": [
          -74.16103791833537,
          4.144744914602548
        ]
      }
    },
    {
      "type": "Feature",
      "properties": {
        "id": 26,
        "codigo": "001411",
        "nombre": "SAN JORGE SUR"
      },
      "geometry": {
        "type": "Point",
        "coordinates": [
          -74.12059283201452,
          4.571671816778608
        ]
      }
    },
    {
      "type": "Feature",
      "properties": {
        "id": 27,
        "codigo": "009204",
        "nombre": "EL RINCON NORTE"
      },
      "geometry": {
        "type": "Point",
        "coordinates": [
          -74.09072328550528,
          4.728304025006332
        ]
      }
    },
    {
      "type": "Feature",
      "properties": {
        "id": 28,
        "codigo": "009201",
        "nombre": "LOS NARANJOS"
      },
      "geometry": {
        "type": "Point",
        "coordinates": [
          -74.08648762258323,
          4.7264555252093965
        ]
      }
    },
    {
      "type": "Feature",
      "properties": {
        "id": 29,
        "codigo": "002559",
        "nombre": "LOS ALPES SUR"
      },
      "geometry": {
        "type": "Point",
        "coordinates": [
          -74.15377564958575,
          4.543050800577594
        ]
      }
    },
    {
      "type": "Feature",
      "properties": {
        "id": 30,
        "codigo": "004574",
        "nombre": "CHARLES DE GAULLE"
      },
      "geometry": {
        "type": "Point",
        "coordinates": [
          -74.20109055497625,
          4.6068956071737635
        ]
      }
    },
    {
      "type": "Feature",
      "properties": {
        "id": 31,
        "codigo": "101407",
        "nombre": "CIUDAD LONDRES I RURAL"
      },
      "geometry": {
        "type": "Point",
        "coordinates": [
          -74.08345053272983,
          4.518412095887398
        ]
      }
    },
    {
      "type": "Feature",
      "properties": {
        "id": 32,
        "codigo": "004634",
        "nombre": "CANAVERALEJO"
      },
      "geometry": {
        "type": "Point",
        "coordinates": [
          -74.19806476542757,
          4.6410970984741695
        ]
      }
    },
    {
      "type": "Feature",
      "properties": {
        "id": 33,
        "codigo": "104305",
        "nombre": "BELLA FLOR RURAL"
      },
      "geometry": {
        "type": "Point",
        "coordinates": [
          -74.15889298264578,
          4.544481772494537
        ]
      }
    },
    {
      "type": "Feature",
      "properties": {
        "id": 34,
        "codigo": "107114",
        "nombre": "SAN PEDRO RURAL"
      },
      "geometry": {
        "type": "Point",
        "coordinates": [
          -74.12278702253103,
          4.747163850226421
        ]
      }
    },
    {
      "type": "Feature",
      "properties": {
        "id": 35,
        "codigo": "001322",
        "nombre": "SAN RAFAEL USME"
      },
      "geometry": {
        "type": "Point",
        "coordinates": [
          -74.08450735565373,
          4.530015937514978
        ]
      }
    },
    {
      "type": "Feature",
      "properties": {
        "id": 36,
        "codigo": "101408",
        "nombre": "SAN RAFAEL USME RURAL I"
      },
      "geometry": {
        "type": "Point",
        "coordinates": [
          -74.08112168248819,
          4.527755262576024
        ]
      }
    },
    {
      "type": "Feature",
      "properties": {
        "id": 37,
        "codigo": "002509",
        "nombre": "SAN BENITO"
      },
      "geometry": {
        "type": "Point",
        "coordinates": [
          -74.13564481480842,
          4.563896448179341
        ]
      }
    },
    {
      "type": "Feature",
      "properties": {
        "id": 38,
        "codigo": "008413",
        "nombre": "SANTA BARBARA ORIENTAL"
      },
      "geometry": {
        "type": "Point",
        "coordinates": [
          -74.03152717870317,
          4.699276850173226
        ]
      }
    },
    {
      "type": "Feature",
      "properties": {
        "id": 39,
        "codigo": "005650",
        "nombre": "CIUDADELA COLSUBSIDIO"
      },
      "geometry": {
        "type": "Point",
        "coordinates": [
          -74.11329729577992,
          4.726342108455577
        ]
      }
    },
    {
      "type": "Feature",
      "properties": {
        "id": 40,
        "codigo": "002104",
        "nombre": "RESTREPO OCCIDENTAL"
      },
      "geometry": {
        "type": "Point",
        "coordinates": [
          -74.10419842194685,
          4.589455249887979
        ]
      }
    },
    {
      "type": "Feature",
      "properties": {
        "id": 41,
        "codigo": "007106",
        "nombre": "ESTRELLA"
      },
      "geometry": {
        "type": "Point",
        "coordinates": [
          -74.07663814189996,
          4.6221299810588095
        ]
      }
    },
    {
      "type": "Feature",
      "properties": {
        "id": 42,
        "codigo": "208110",
        "nombre": "SAN LUIS ALTOS DEL CABO RURAL"
      },
      "geometry": {
        "type": "Point",
        "coordinates": [
          -74.02562705310874,
          4.671148661968802
        ]
      }
    },
    {
      "type": "Feature",
      "properties": {
        "id": 43,
        "codigo": "207801",
        "nombre": "SANTA CECILIA DE SUBA II"
      },
      "geometry": {
        "type": "Point",
        "coordinates": [
          -74.13144143795077,
          4.740590846022129
        ]
      }
    },
    {
      "type": "Feature",
      "properties": {
        "id": 44,
        "codigo": "204104",
        "nombre": "PASQUILLA URBANA"
      },
      "geometry": {
        "type": "Point",
        "coordinates": [
          -74.15641586386207,
          4.444145931601551
        ]
      }
    },
    {
      "type": "Feature",
      "properties": {
        "id": 45,
        "codigo": "204127",
        "nombre": "ARABIA I"
      },
      "geometry": {
        "type": "Point",
        "coordinates": [
          -74.14943949206322,
          4.532804326726967
        ]
      }
    },
    {
      "type": "Feature",
      "properties": {
        "id": 46,
        "codigo": "004552",
        "nombre": "GUALOCHE"
      },
      "geometry": {
        "type": "Point",
        "coordinates": [
          -74.18263854297693,
          4.600196728218736
        ]
      }
    },
    {
      "type": "Feature",
      "properties": {
        "id": 47,
        "codigo": "008505",
        "nombre": "SAN CRISTOBAL NORTE"
      },
      "geometry": {
        "type": "Point",
        "coordinates": [
          -74.02733366453373,
          4.739579461058184
        ]
      }
    },
    {
      "type": "Feature",
      "properties": {
        "id": 48,
        "codigo": "004603",
        "nombre": "EL PARAISO"
      },
      "geometry": {
        "type": "Point",
        "coordinates": [
          -74.1707186870378,
          4.64277838709694
        ]
      }
    },
    {
      "type": "Feature",
      "properties": {
        "id": 49,
        "codigo": "009222",
        "nombre": "ALTOS DE CHOZICA"
      },
      "geometry": {
        "type": "Point",
        "coordinates": [
          -74.08375366765193,
          4.731936423019955
        ]
      }
    },
    {
      "type": "Feature",
      "properties": {
        "id": 50,
        "codigo": "105210",
        "nombre": "OSORIO X"
      },
      "geometry": {
        "type": "Point",
        "coordinates": [
          -74.18605917180552,
          4.645612201386723
        ]
      }
    },
    {
      "type": "Feature",
      "properties": {
        "id": 51,
        "codigo": "004591",
        "nombre": "EL PORTAL DEL BRASIL"
      },
      "geometry": {
        "type": "Point",
        "coordinates": [
          -74.186219323412,
          4.63020656850237
        ]
      }
    },
    {
      "type": "Feature",
      "properties": {
        "id": 52,
        "codigo": "103104",
        "nombre": "LAS ANIMAS"
      },
      "geometry": {
        "type": "Point",
        "coordinates": [
          -74.18391962273772,
          4.147986686845118
        ]
      }
    },
    {
      "type": "Feature",
      "properties": {
        "id": 53,
        "codigo": "001303",
        "nombre": "CORDOBA"
      },
      "geometry": {
        "type": "Point",
        "coordinates": [
          -74.09117464711791,
          4.564862837867705
        ]
      }
    },
    {
      "type": "Feature",
      "properties": {
        "id": 54,
        "codigo": "102401",
        "nombre": "LOS ARRAYANES"
      },
      "geometry": {
        "type": "Point",
        "coordinates": [
          -74.08589151503327,
          4.495209150018567
        ]
      }
    },
    {
      "type": "Feature",
      "properties": {
        "id": 55,
        "codigo": "108103",
        "nombre": "BARRANCAS ORIENTAL RURAL"
      },
      "geometry": {
        "type": "Point",
        "coordinates": [
          -74.0145500366873,
          4.732879613574176
        ]
      }
    },
    {
      "type": "Feature",
      "properties": {
        "id": 56,
        "codigo": "002593",
        "nombre": "TUNJUELITO"
      },
      "geometry": {
        "type": "Point",
        "coordinates": [
          -74.12175305568275,
          4.512852334674639
        ]
      }
    },
    {
      "type": "Feature",
      "properties": {
        "id": 57,
        "codigo": "009268",
        "nombre": "SANTA CECILIA DE SUBA I"
      },
      "geometry": {
        "type": "Point",
        "coordinates": [
          -74.12414120965136,
          4.740219668255045
        ]
      }
    },
    {
      "type": "Feature",
      "properties": {
        "id": 58,
        "codigo": "002609",
        "nombre": "EL BOSQUE"
      },
      "geometry": {
        "type": "Point",
        "coordinates": [
          -74.10140485017563,
          4.5054980284114095
        ]
      }
    },
    {
      "type": "Feature",
      "properties": {
        "id": 59,
        "codigo": "009252",
        "nombre": "BILBAO"
      },
      "geometry": {
        "type": "Point",
        "coordinates": [
          -74.11663536815007,
          4.75021622911156
        ]
      }
    },
    {
      "type": "Feature",
      "properties": {
        "id": 60,
        "codigo": "008504",
        "nombre": "LA CITA"
      },
      "geometry": {
        "type": "Point",
        "coordinates": [
          -74.01937155523868,
          4.743230583711781
        ]
      }
    },
    {
      "type": "Feature",
      "properties": {
        "id": 61,
        "codigo": "004511",
        "nombre": "CIUDAD KENNEDY CENTRAL"
      },
      "geometry": {
        "type": "Point",
        "coordinates": [
          -74.1527411449792,
          4.621924764956323
        ]
      }
    },
    {
      "type": "Feature",
      "properties": {
        "id": 62,
        "codigo": "007304",
        "nombre": "CONCEPCION NORTE"
      },
      "geometry": {
        "type": "Point",
        "coordinates": [
          -74.06348942832675,
          4.6574662129024125
        ]
      }
    },
    {
      "type": "Feature",
      "properties": {
        "id": 63,
        "codigo": "004308",
        "nombre": "COLON"
      },
      "geometry": {
        "type": "Point",
        "coordinates": [
          -74.11590665466117,
          4.621699370573564
        ]
      }
    },
    {
      "type": "Feature",
      "properties": {
        "id": 64,
        "codigo": "001204",
        "nombre": "CIUDAD JARDIN SUR"
      },
      "geometry": {
        "type": "Point",
        "coordinates": [
          -74.09618982202902,
          4.580596887755097
        ]
      }
    },
    {
      "type": "Feature",
      "properties": {
        "id": 65,
        "codigo": "004586",
        "nombre": "JIMENEZ DE QUESADA II SECTOR"
      },
      "geometry": {
        "type": "Point",
        "coordinates": [
          -74.18844569790626,
          4.607728257762251
        ]
      }
    },
    {
      "type": "Feature",
      "properties": {
        "id": 66,
        "codigo": "002501",
        "nombre": "SAN CARLOS"
      },
      "geometry": {
        "type": "Point",
        "coordinates": [
          -74.13121488931766,
          4.5666083958180055
        ]
      }
    },
    {
      "type": "Feature",
      "properties": {
        "id": 67,
        "codigo": "004211",
        "nombre": "BOCHICA"
      },
      "geometry": {
        "type": "Point",
        "coordinates": [
          -74.10768627479084,
          4.605201179332496
        ]
      }
    },
    {
      "type": "Feature",
      "properties": {
        "id": 68,
        "codigo": "005652",
        "nombre": "EL MUELLE"
      },
      "geometry": {
        "type": "Point",
        "coordinates": [
          -74.12671358064053,
          4.699488966014177
        ]
      }
    },
    {
      "type": "Feature",
      "properties": {
        "id": 69,
        "codigo": "002605",
        "nombre": "BOLONIA"
      },
      "geometry": {
        "type": "Point",
        "coordinates": [
          -74.10086033411609,
          4.509386818988723
        ]
      }
    },
    {
      "type": "Feature",
      "properties": {
        "id": 70,
        "codigo": "002434",
        "nombre": "JERUSALEN"
      },
      "geometry": {
        "type": "Point",
        "coordinates": [
          -74.15792785594134,
          4.572664446225447
        ]
      }
    },
    {
      "type": "Feature",
      "properties": {
        "id": 71,
        "codigo": "002616",
        "nombre": "EL NUEVO PORTAL"
      },
      "geometry": {
        "type": "Point",
        "coordinates": [
          -74.10283181373039,
          4.493045054682713
        ]
      }
    },
    {
      "type": "Feature",
      "properties": {
        "id": 72,
        "codigo": "002209",
        "nombre": "QUIROGA I"
      },
      "geometry": {
        "type": "Point",
        "coordinates": [
          -74.1106758331697,
          4.581038455075399
        ]
      }
    },
    {
      "type": "Feature",
      "properties": {
        "id": 73,
        "codigo": "009133",
        "nombre": "MIRANDELA"
      },
      "geometry": {
        "type": "Point",
        "coordinates": [
          -74.05056621162143,
          4.7668052497421876
        ]
      }
    },
    {
      "type": "Feature",
      "properties": {
        "id": 74,
        "codigo": "003201",
        "nombre": "SAN BERNARDO"
      },
      "geometry": {
        "type": "Point",
        "coordinates": [
          -74.08489090068845,
          4.593128466506449
        ]
      }
    },
    {
      "type": "Feature",
      "properties": {
        "id": 75,
        "codigo": "002594",
        "nombre": "VILLA ISRAEL"
      },
      "geometry": {
        "type": "Point",
        "coordinates": [
          -74.11444815656203,
          4.489521433048648
        ]
      }
    },
    {
      "type": "Feature",
      "properties": {
        "id": 76,
        "codigo": "004569",
        "nombre": "JOSE ANTONIO GALAN"
      },
      "geometry": {
        "type": "Point",
        "coordinates": [
          -74.17929416317503,
          4.6073634512798405
        ]
      }
    },
    {
      "type": "Feature",
      "properties": {
        "id": 77,
        "codigo": "006502",
        "nombre": "MARSELLA"
      },
      "geometry": {
        "type": "Point",
        "coordinates": [
          -74.12920499776855,
          4.633842614753235
        ]
      }
    },
    {
      "type": "Feature",
      "properties": {
        "id": 78,
        "codigo": "008528",
        "nombre": "SAN ANTONIO NOROCCIDENTAL"
      },
      "geometry": {
        "type": "Point",
        "coordinates": [
          -74.04142060315185,
          4.756642731221051
        ]
      }
    },
    {
      "type": "Feature",
      "properties": {
        "id": 79,
        "codigo": "201503",
        "nombre": "SIBERIA II"
      },
      "geometry": {
        "type": "Point",
        "coordinates": [
          -74.05852260546288,
          4.631787434531521
        ]
      }
    },
    {
      "type": "Feature",
      "properties": {
        "id": 80,
        "codigo": "008301",
        "nombre": "CHICO NORTE II SECTOR"
      },
      "geometry": {
        "type": "Point",
        "coordinates": [
          -74.04415695405248,
          4.680525666077973
        ]
      }
    },
    {
      "type": "Feature",
      "properties": {
        "id": 81,
        "codigo": "001119",
        "nombre": "AGUAS CLARAS I"
      },
      "geometry": {
        "type": "Point",
        "coordinates": [
          -74.06761201105674,
          4.562167375263076
        ]
      }
    },
    {
      "type": "Feature",
      "properties": {
        "id": 82,
        "codigo": "002426",
        "nombre": "SANTO DOMINGO"
      },
      "geometry": {
        "type": "Point",
        "coordinates": [
          -74.17750263667746,
          4.579815333360063
        ]
      }
    },
    {
      "type": "Feature",
      "properties": {
        "id": 83,
        "codigo": "005647",
        "nombre": "VILLAS DE GRANADA"
      },
      "geometry": {
        "type": "Point",
        "coordinates": [
          -74.1260799253382,
          4.715197749799247
        ]
      }
    },
    {
      "type": "Feature",
      "properties": {
        "id": 84,
        "codigo": "004630",
        "nombre": "PARCELA EL PORVENIR"
      },
      "geometry": {
        "type": "Point",
        "coordinates": [
          -74.18657084696629,
          4.63966685463096
        ]
      }
    },
    {
      "type": "Feature",
      "properties": {
        "id": 85,
        "codigo": "008512",
        "nombre": "CEDRITOS"
      },
      "geometry": {
        "type": "Point",
        "coordinates": [
          -74.03557103866146,
          4.719102817500429
        ]
      }
    },
    {
      "type": "Feature",
      "properties": {
        "id": 86,
        "codigo": "001201",
        "nombre": "SEVILLA"
      },
      "geometry": {
        "type": "Point",
        "coordinates": [
          -74.09081199845326,
          4.588729007882992
        ]
      }
    },
    {
      "type": "Feature",
      "properties": {
        "id": 87,
        "codigo": "004642",
        "nombre": "ISLANDIA"
      },
      "geometry": {
        "type": "Point",
        "coordinates": [
          -74.19512867787823,
          4.615698601118607
        ]
      }
    },
    {
      "type": "Feature",
      "properties": {
        "id": 88,
        "codigo": "002517",
        "nombre": "LUCERO DEL SUR"
      },
      "geometry": {
        "type": "Point",
        "coordinates": [
          -74.14123605671499,
          4.551248299514763
        ]
      }
    },
    {
      "type": "Feature",
      "properties": {
        "id": 89,
        "codigo": "001333",
        "nombre": "ALTOS DEL POBLADO"
      },
      "geometry": {
        "type": "Point",
        "coordinates": [
          -74.08709852224104,
          4.548849660899475
        ]
      }
    },
    {
      "type": "Feature",
      "properties": {
        "id": 90,
        "codigo": "202309",
        "nombre": "EL BOSQUE SUR ORIENTAL RURAL III"
      },
      "geometry": {
        "type": "Point",
        "coordinates": [
          -74.08064316919986,
          4.4729979054911215
        ]
      }
    },
    {
      "type": "Feature",
      "properties": {
        "id": 91,
        "codigo": "004638",
        "nombre": "CIUDADELA EL RECREO II"
      },
      "geometry": {
        "type": "Point",
        "coordinates": [
          -74.20044466432691,
          4.634223308319325
        ]
      }
    },
    {
      "type": "Feature",
      "properties": {
        "id": 92,
        "codigo": "004568",
        "nombre": "JORGE URIBE BOTERO"
      },
      "geometry": {
        "type": "Point",
        "coordinates": [
          -74.17728936574166,
          4.622920038218177
        ]
      }
    },
    {
      "type": "Feature",
      "properties": {
        "id": 93,
        "codigo": "004564",
        "nombre": "TAIRONA"
      },
      "geometry": {
        "type": "Point",
        "coordinates": [
          -74.15780300821768,
          4.640440097720413
        ]
      }
    },
    {
      "type": "Feature",
      "properties": {
        "id": 94,
        "codigo": "007105",
        "nombre": "ARMENIA"
      },
      "geometry": {
        "type": "Point",
        "coordinates": [
          -74.07273883978144,
          4.618718158128346
        ]
      }
    },
    {
      "type": "Feature",
      "properties": {
        "id": 95,
        "codigo": "008417",
        "nombre": "SANTA BARBARA OCCIDENTAL"
      },
      "geometry": {
        "type": "Point",
        "coordinates": [
          -74.0487336257619,
          4.7017498258939385
        ]
      }
    },
    {
      "type": "Feature",
      "properties": {
        "id": 97,
        "codigo": "002630",
        "nombre": "EL PORTAL DEL DIVINO"
      },
      "geometry": {
        "type": "Point",
        "coordinates": [
          -74.09784787064554,
          4.486157022202016
        ]
      }
    },
    {
      "type": "Feature",
      "properties": {
        "id": 98,
        "codigo": "006410",
        "nombre": "CENTRO FONTIBON"
      },
      "geometry": {
        "type": "Point",
        "coordinates": [
          -74.14420088664947,
          4.675621911700585
        ]
      }
    },
    {
      "type": "Feature",
      "properties": {
        "id": 99,
        "codigo": "004626",
        "nombre": "LAS ACACIAS"
      },
      "geometry": {
        "type": "Point",
        "coordinates": [
          -74.1776273324818,
          4.649808033103172
        ]
      }
    },
    {
      "type": "Feature",
      "properties": {
        "id": 100,
        "codigo": "002448",
        "nombre": "PERDOMO ALTO"
      },
      "geometry": {
        "type": "Point",
        "coordinates": [
          -74.17419498701435,
          4.586005718892229
        ]
      }
    },
    {
      "type": "Feature",
      "properties": {
        "id": 101,
        "codigo": "009244",
        "nombre": "VILLA HERMOSA"
      },
      "geometry": {
        "type": "Point",
        "coordinates": [
          -74.0897529423466,
          4.757222067699796
        ]
      }
    },
    {
      "type": "Feature",
      "properties": {
        "id": 102,
        "codigo": "105401",
        "nombre": "EL CHANCO RURAL II"
      },
      "geometry": {
        "type": "Point",
        "coordinates": [
          -74.16789264775821,
          4.690970762389706
        ]
      }
    },
    {
      "type": "Feature",
      "properties": {
        "id": 103,
        "codigo": "001334",
        "nombre": "LAS GAVIOTAS"
      },
      "geometry": {
        "type": "Point",
        "coordinates": [
          -74.08283448705386,
          4.532486177717503
        ]
      }
    },
    {
      "type": "Feature",
      "properties": {
        "id": 104,
        "codigo": "002548",
        "nombre": "EL VIRREY"
      },
      "geometry": {
        "type": "Point",
        "coordinates": [
          -74.11313732188607,
          4.502513181444609
        ]
      }
    },
    {
      "type": "Feature",
      "properties": {
        "id": 105,
        "codigo": "002503",
        "nombre": "LA AURORA"
      },
      "geometry": {
        "type": "Point",
        "coordinates": [
          -74.12101888578832,
          4.52234186373953
        ]
      }
    },
    {
      "type": "Feature",
      "properties": {
        "id": 106,
        "codigo": "009247",
        "nombre": "IRAGUA"
      },
      "geometry": {
        "type": "Point",
        "coordinates": [
          -74.06755900269813,
          4.759850433955951
        ]
      }
    },
    {
      "type": "Feature",
      "properties": {
        "id": 107,
        "codigo": "005655",
        "nombre": "GARCES NAVAS SUR"
      },
      "geometry": {
        "type": "Point",
        "coordinates": [
          -74.12348091893581,
          4.71373209936701
        ]
      }
    },
    {
      "type": "Feature",
      "properties": {
        "id": 108,
        "codigo": "004502",
        "nombre": "HIPOTECHO OCCIDENTAL"
      },
      "geometry": {
        "type": "Point",
        "coordinates": [
          -74.13440267058597,
          4.621419524908134
        ]
      }
    },
    {
      "type": "Feature",
      "properties": {
        "id": 109,
        "codigo": "105325",
        "nombre": "SAN BERNARDINO XXV"
      },
      "geometry": {
        "type": "Point",
        "coordinates": [
          -74.21373935235131,
          4.635865632975363
        ]
      }
    },
    {
      "type": "Feature",
      "properties": {
        "id": 110,
        "codigo": "002432",
        "nombre": "ARBORIZADORA BAJA"
      },
      "geometry": {
        "type": "Point",
        "coordinates": [
          -74.1483656176936,
          4.574495017777809
        ]
      }
    },
    {
      "type": "Feature",
      "properties": {
        "id": 111,
        "codigo": "004622",
        "nombre": "BRASIL"
      },
      "geometry": {
        "type": "Point",
        "coordinates": [
          -74.18217499167153,
          4.631974192516173
        ]
      }
    },
    {
      "type": "Feature",
      "properties": {
        "id": 112,
        "codigo": "005508",
        "nombre": "LA CABANA"
      },
      "geometry": {
        "type": "Point",
        "coordinates": [
          -74.10150304218104,
          4.6738256126294555
        ]
      }
    },
    {
      "type": "Feature",
      "properties": {
        "id": 113,
        "codigo": "102405",
        "nombre": "PEPINITOS"
      },
      "geometry": {
        "type": "Point",
        "coordinates": [
          -74.09438903997146,
          4.498058762178132
        ]
      }
    },
    {
      "type": "Feature",
      "properties": {
        "id": 114,
        "codigo": "004539",
        "nombre": "GRAN COLOMBIANO"
      },
      "geometry": {
        "type": "Point",
        "coordinates": [
          -74.19911316083156,
          4.611522610440672
        ]
      }
    },
    {
      "type": "Feature",
      "properties": {
        "id": 115,
        "codigo": "002592",
        "nombre": "DESARROLLO BRAZUELOS"
      },
      "geometry": {
        "type": "Point",
        "coordinates": [
          -74.12041294095613,
          4.492735959328102
        ]
      }
    },
    {
      "type": "Feature",
      "properties": {
        "id": 116,
        "codigo": "004582",
        "nombre": "RENANIA URAPANES"
      },
      "geometry": {
        "type": "Point",
        "coordinates": [
          -74.14725154404229,
          4.604657566863297
        ]
      }
    },
    {
      "type": "Feature",
      "properties": {
        "id": 117,
        "codigo": "004618",
        "nombre": "DINTALITO"
      },
      "geometry": {
        "type": "Point",
        "coordinates": [
          -74.16942899776326,
          4.633197738415854
        ]
      }
    },
    {
      "type": "Feature",
      "properties": {
        "id": 118,
        "codigo": "004512",
        "nombre": "TIMIZA"
      },
      "geometry": {
        "type": "Point",
        "coordinates": [
          -74.1511730056007,
          4.61606264190997
        ]
      }
    },
    {
      "type": "Feature",
      "properties": {
        "id": 119,
        "codigo": "001316",
        "nombre": "MORALBA"
      },
      "geometry": {
        "type": "Point",
        "coordinates": [
          -74.07970176835543,
          4.544763095879675
        ]
      }
    },
    {
      "type": "Feature",
      "properties": {
        "id": 120,
        "codigo": "009121",
        "nombre": "CLUB DE LOS LAGARTOS"
      },
      "geometry": {
        "type": "Point",
        "coordinates": [
          -74.08651859861365,
          4.707728195039861
        ]
      }
    },
    {
      "type": "Feature",
      "properties": {
        "id": 121,
        "codigo": "008102",
        "nombre": "PARQUE NACIONAL"
      },
      "geometry": {
        "type": "Point",
        "coordinates": [
          -74.06237704467603,
          4.622609805094279
        ]
      }
    },
    {
      "type": "Feature",
      "properties": {
        "id": 122,
        "codigo": "004597",
        "nombre": "SAN BERNARDINO I"
      },
      "geometry": {
        "type": "Point",
        "coordinates": [
          -74.20535300464994,
          4.606984600165969
        ]
      }
    },
    {
      "type": "Feature",
      "properties": {
        "id": 123,
        "codigo": "205101",
        "nombre": "VEREDA EL TINTAL URBANO"
      },
      "geometry": {
        "type": "Point",
        "coordinates": [
          -74.1492130812473,
          4.65414936003347
        ]
      }
    },
    {
      "type": "Feature",
      "properties": {
        "id": 124,
        "codigo": "002574",
        "nombre": "CEDRITOS DEL SUR"
      },
      "geometry": {
        "type": "Point",
        "coordinates": [
          -74.14523329362412,
          4.540283165142846
        ]
      }
    },
    {
      "type": "Feature",
      "properties": {
        "id": 125,
        "codigo": "004507",
        "nombre": "CIUDAD KENNEDY SUR"
      },
      "geometry": {
        "type": "Point",
        "coordinates": [
          -74.15914324645976,
          4.619074972771946
        ]
      }
    },
    {
      "type": "Feature",
      "properties": {
        "id": 126,
        "codigo": "005606",
        "nombre": "NORMANDIA OCCIDENTAL"
      },
      "geometry": {
        "type": "Point",
        "coordinates": [
          -74.10908210755164,
          4.672928323846937
        ]
      }
    },
    {
      "type": "Feature",
      "properties": {
        "id": 127,
        "codigo": "106201",
        "nombre": "EL PANTANO"
      },
      "geometry": {
        "type": "Point",
        "coordinates": [
          -74.15741152232164,
          4.721561104877112
        ]
      }
    },
    {
      "type": "Feature",
      "properties": {
        "id": 128,
        "codigo": "001308",
        "nombre": "SANTA INES SUR"
      },
      "geometry": {
        "type": "Point",
        "coordinates": [
          -74.08638331525741,
          4.55804193294407
        ]
      }
    },
    {
      "type": "Feature",
      "properties": {
        "id": 129,
        "codigo": "008415",
        "nombre": "SANTA BARBARA CENTRAL"
      },
      "geometry": {
        "type": "Point",
        "coordinates": [
          -74.03791582349709,
          4.699766043161051
        ]
      }
    },
    {
      "type": "Feature",
      "properties": {
        "id": 130,
        "codigo": "008519",
        "nombre": "ESTRELLA DEL NORTE"
      },
      "geometry": {
        "type": "Point",
        "coordinates": [
          -74.04318961387484,
          4.73856019440269
        ]
      }
    },
    {
      "type": "Feature",
      "properties": {
        "id": 131,
        "codigo": "003221",
        "nombre": "LA PE\u00d1A I"
      },
      "geometry": {
        "type": "Point",
        "coordinates": [
          -74.06533747477613,
          4.586535879308341
        ]
      }
    },
    {
      "type": "Feature",
      "properties": {
        "id": 132,
        "codigo": "002402",
        "nombre": "SAN VICENTE FERRER"
      },
      "geometry": {
        "type": "Point",
        "coordinates": [
          -74.13989056017563,
          4.581232992208456
        ]
      }
    },
    {
      "type": "Feature",
      "properties": {
        "id": 133,
        "codigo": "006107",
        "nombre": "PALOQUEMAO"
      },
      "geometry": {
        "type": "Point",
        "coordinates": [
          -74.08695699285474,
          4.615165462969929
        ]
      }
    },
    {
      "type": "Feature",
      "properties": {
        "id": 134,
        "codigo": "004107",
        "nombre": "SANTA ISABEL SUR"
      },
      "geometry": {
        "type": "Point",
        "coordinates": [
          -74.10245868855873,
          4.597496404934073
        ]
      }
    },
    {
      "type": "Feature",
      "properties": {
        "id": 135,
        "codigo": "008533",
        "nombre": "HORIZONTES NORTE"
      },
      "geometry": {
        "type": "Point",
        "coordinates": [
          -74.02413614605237,
          4.759399387417335
        ]
      }
    },
    {
      "type": "Feature",
      "properties": {
        "id": 136,
        "codigo": "002587",
        "nombre": "BRISAS DEL VOLADOR"
      },
      "geometry": {
        "type": "Point",
        "coordinates": [
          -74.15509864095173,
          4.546655489546677
        ]
      }
    },
    {
      "type": "Feature",
      "properties": {
        "id": 137,
        "codigo": "007107",
        "nombre": "LAS AMERICAS"
      },
      "geometry": {
        "type": "Point",
        "coordinates": [
          -74.07884788818697,
          4.627523026112471
        ]
      }
    },
    {
      "type": "Feature",
      "properties": {
        "id": 138,
        "codigo": "004581",
        "nombre": "TIMIZA C"
      },
      "geometry": {
        "type": "Point",
        "coordinates": [
          -74.159140543187,
          4.614645107090478
        ]
      }
    },
    {
      "type": "Feature",
      "properties": {
        "id": 139,
        "codigo": "006307",
        "nombre": "MONTEVIDEO"
      },
      "geometry": {
        "type": "Point",
        "coordinates": [
          -74.11824405395012,
          4.645712971361797
        ]
      }
    },
    {
      "type": "Feature",
      "properties": {
        "id": 140,
        "codigo": "002304",
        "nombre": "SANTIAGO PEREZ"
      },
      "geometry": {
        "type": "Point",
        "coordinates": [
          -74.11037919715099,
          4.587081220538132
        ]
      }
    },
    {
      "type": "Feature",
      "properties": {
        "id": 141,
        "codigo": "004609",
        "nombre": "LOS ALMENDROS"
      },
      "geometry": {
        "type": "Point",
        "coordinates": [
          -74.1757087762657,
          4.646672338567012
        ]
      }
    },
    {
      "type": "Feature",
      "properties": {
        "id": 142,
        "codigo": "204131",
        "nombre": "MOCHUELO ALTO URBANO"
      },
      "geometry": {
        "type": "Point",
        "coordinates": [
          -74.14823365560397,
          4.488435914423171
        ]
      }
    },
    {
      "type": "Feature",
      "properties": {
        "id": 143,
        "codigo": "002530",
        "nombre": "QUIBA"
      },
      "geometry": {
        "type": "Point",
        "coordinates": [
          -74.14240989509157,
          4.538499489046642
        ]
      }
    },
    {
      "type": "Feature",
      "properties": {
        "id": 144,
        "codigo": "009238",
        "nombre": "SANTA TERESA DE SUBA"
      },
      "geometry": {
        "type": "Point",
        "coordinates": [
          -74.09896442596612,
          4.720865683244829
        ]
      }
    },
    {
      "type": "Feature",
      "properties": {
        "id": 145,
        "codigo": "006204",
        "nombre": "ESTACION CENTRAL"
      },
      "geometry": {
        "type": "Point",
        "coordinates": [
          -74.09194122058842,
          4.618718582295652
        ]
      }
    },
    {
      "type": "Feature",
      "properties": {
        "id": 146,
        "codigo": "005402",
        "nombre": "SANTA ROSA"
      },
      "geometry": {
        "type": "Point",
        "coordinates": [
          -74.07956142117854,
          4.694363246093267
        ]
      }
    },
    {
      "type": "Feature",
      "properties": {
        "id": 147,
        "codigo": "103105",
        "nombre": "LAS AURAS"
      },
      "geometry": {
        "type": "Point",
        "coordinates": [
          -74.17291249403237,
          4.172210212357625
        ]
      }
    },
    {
      "type": "Feature",
      "properties": {
        "id": 148,
        "codigo": "004601",
        "nombre": "CALANDAIMA"
      },
      "geometry": {
        "type": "Point",
        "coordinates": [
          -74.16719465943035,
          4.643531360182384
        ]
      }
    },
    {
      "type": "Feature",
      "properties": {
        "id": 149,
        "codigo": "002531",
        "nombre": "CANDELARIA LA NUEVA"
      },
      "geometry": {
        "type": "Point",
        "coordinates": [
          -74.15058978271253,
          4.566720804121551
        ]
      }
    },
    {
      "type": "Feature",
      "properties": {
        "id": 150,
        "codigo": "008107",
        "nombre": "SAN DIEGO"
      },
      "geometry": {
        "type": "Point",
        "coordinates": [
          -74.06902273693669,
          4.612920577332635
        ]
      }
    },
    {
      "type": "Feature",
      "properties": {
        "id": 151,
        "codigo": "201408",
        "nombre": "LA PERSEVERANCIA I"
      },
      "geometry": {
        "type": "Point",
        "coordinates": [
          -74.06229644149333,
          4.616693115421855
        ]
      }
    },
    {
      "type": "Feature",
      "properties": {
        "id": 152,
        "codigo": "009129",
        "nombre": "VILLA DEL PRADO"
      },
      "geometry": {
        "type": "Point",
        "coordinates": [
          -74.05324070265294,
          4.755561413683646
        ]
      }
    },
    {
      "type": "Feature",
      "properties": {
        "id": 153,
        "codigo": "001323",
        "nombre": "NUEVA DELHI"
      },
      "geometry": {
        "type": "Point",
        "coordinates": [
          -74.08803874015231,
          4.529578043338064
        ]
      }
    },
    {
      "type": "Feature",
      "properties": {
        "id": 154,
        "codigo": "002510",
        "nombre": "LA PICOTA ORIENTAL"
      },
      "geometry": {
        "type": "Point",
        "coordinates": [
          -74.11315506191134,
          4.54508255471174
        ]
      }
    },
    {
      "type": "Feature",
      "properties": {
        "id": 155,
        "codigo": "008542",
        "nombre": "TIBABITA I"
      },
      "geometry": {
        "type": "Point",
        "coordinates": [
          -74.02315516845304,
          4.7684033170238855
        ]
      }
    },
    {
      "type": "Feature",
      "properties": {
        "id": 156,
        "codigo": "005112",
        "nombre": "PARQUE DISTRITAL SALITRE"
      },
      "geometry": {
        "type": "Point",
        "coordinates": [
          -74.08439708541012,
          4.65996337619504
        ]
      }
    },
    {
      "type": "Feature",
      "properties": {
        "id": 157,
        "codigo": "004555",
        "nombre": "PATIO BONITO II"
      },
      "geometry": {
        "type": "Point",
        "coordinates": [
          -74.16515276722984,
          4.636314418848067
        ]
      }
    },
    {
      "type": "Feature",
      "properties": {
        "id": 158,
        "codigo": "006106",
        "nombre": "EL LISTON"
      },
      "geometry": {
        "type": "Point",
        "coordinates": [
          -74.08307961228985,
          4.6109665442790835
        ]
      }
    },
    {
      "type": "Feature",
      "properties": {
        "id": 159,
        "codigo": "008517",
        "nombre": "LA LIBERIA"
      },
      "geometry": {
        "type": "Point",
        "coordinates": [
          -74.03510773088328,
          4.735690130486281
        ]
      }
    },
    {
      "type": "Feature",
      "properties": {
        "id": 160,
        "codigo": "002611",
        "nombre": "CHARALA"
      },
      "geometry": {
        "type": "Point",
        "coordinates": [
          -74.10732234867315,
          4.5017330498939625
        ]
      }
    },
    {
      "type": "Feature",
      "properties": {
        "id": 161,
        "codigo": "004404",
        "nombre": "AUTOPISTA SUR"
      },
      "geometry": {
        "type": "Point",
        "coordinates": [
          -74.12642952416714,
          4.597943494285096
        ]
      }
    },
    {
      "type": "Feature",
      "properties": {
        "id": 162,
        "codigo": "004523",
        "nombre": "JIMENEZ DE QUESADA"
      },
      "geometry": {
        "type": "Point",
        "coordinates": [
          -74.18480163263771,
          4.605284645876796
        ]
      }
    },
    {
      "type": "Feature",
      "properties": {
        "id": 163,
        "codigo": "204304",
        "nombre": "LAGUNITAS"
      },
      "geometry": {
        "type": "Point",
        "coordinates": [
          -74.1466576648863,
          4.505620209062411
        ]
      }
    },
    {
      "type": "Feature",
      "properties": {
        "id": 164,
        "codigo": "004594",
        "nombre": "SAN ANTONIO"
      },
      "geometry": {
        "type": "Point",
        "coordinates": [
          -74.19734040209879,
          4.625153003056292
        ]
      }
    },
    {
      "type": "Feature",
      "properties": {
        "id": 165,
        "codigo": "001114",
        "nombre": "VELODROMO"
      },
      "geometry": {
        "type": "Point",
        "coordinates": [
          -74.08742042467561,
          4.573069446139542
        ]
      }
    },
    {
      "type": "Feature",
      "properties": {
        "id": 166,
        "codigo": "105103",
        "nombre": "SAN PEDRO"
      },
      "geometry": {
        "type": "Point",
        "coordinates": [
          -74.15811727458254,
          4.664939494716948
        ]
      }
    },
    {
      "type": "Feature",
      "properties": {
        "id": 167,
        "codigo": "008521",
        "nombre": "TIBABITA"
      },
      "geometry": {
        "type": "Point",
        "coordinates": [
          -74.02926810938612,
          4.7648314053009395
        ]
      }
    },
    {
      "type": "Feature",
      "properties": {
        "id": 168,
        "codigo": "003101",
        "nombre": "LA ALAMEDA"
      },
      "geometry": {
        "type": "Point",
        "coordinates": [
          -74.07338059414359,
          4.610928549349385
        ]
      }
    },
    {
      "type": "Feature",
      "properties": {
        "id": 169,
        "codigo": "002561",
        "nombre": "CORDILLERA DEL SUR"
      },
      "geometry": {
        "type": "Point",
        "coordinates": [
          -74.15344152915276,
          4.539958445185047
        ]
      }
    },
    {
      "type": "Feature",
      "properties": {
        "id": 170,
        "codigo": "005505",
        "nombre": "BOSQUE POPULAR"
      },
      "geometry": {
        "type": "Point",
        "coordinates": [
          -74.09596101967558,
          4.670149053542406
        ]
      }
    },
    {
      "type": "Feature",
      "properties": {
        "id": 171,
        "codigo": "004620",
        "nombre": "CHUCUA DE LA VACA II"
      },
      "geometry": {
        "type": "Point",
        "coordinates": [
          -74.16498370578377,
          4.62744859344193
        ]
      }
    },
    {
      "type": "Feature",
      "properties": {
        "id": 172,
        "codigo": "006216",
        "nombre": "CIUDAD SALITRE NOR-ORIENTAL"
      },
      "geometry": {
        "type": "Point",
        "coordinates": [
          -74.10040875501208,
          4.645267569616027
        ]
      }
    },
    {
      "type": "Feature",
      "properties": {
        "id": 173,
        "codigo": "006504",
        "nombre": "BAVARIA"
      },
      "geometry": {
        "type": "Point",
        "coordinates": [
          -74.13878954041871,
          4.638781873465093
        ]
      }
    },
    {
      "type": "Feature",
      "properties": {
        "id": 174,
        "codigo": "003108",
        "nombre": "LA CAPUCHINA"
      },
      "geometry": {
        "type": "Point",
        "coordinates": [
          -74.07703914700606,
          4.604769150134424
        ]
      }
    },
    {
      "type": "Feature",
      "properties": {
        "id": 175,
        "codigo": "008208",
        "nombre": "PARDO RUBIO"
      },
      "geometry": {
        "type": "Point",
        "coordinates": [
          -74.06190376453938,
          4.635178433638899
        ]
      }
    },
    {
      "type": "Feature",
      "properties": {
        "id": 176,
        "codigo": "004624",
        "nombre": "LA VEGA SAN BERNARDINO"
      },
      "geometry": {
        "type": "Point",
        "coordinates": [
          -74.20739210240238,
          4.619938676942428
        ]
      }
    },
    {
      "type": "Feature",
      "properties": {
        "id": 177,
        "codigo": "102111",
        "nombre": "LOS ARRAYANES"
      },
      "geometry": {
        "type": "Point",
        "coordinates": [
          -74.14873127905291,
          4.3447398593691515
        ]
      }
    },
    {
      "type": "Feature",
      "properties": {
        "id": 178,
        "codigo": "008424",
        "nombre": "SEGUNDO CONTADOR"
      },
      "geometry": {
        "type": "Point",
        "coordinates": [
          -74.02667867482006,
          4.713121984494271
        ]
      }
    },
    {
      "type": "Feature",
      "properties": {
        "id": 179,
        "codigo": "006534",
        "nombre": "EL TINTAL IV"
      },
      "geometry": {
        "type": "Point",
        "coordinates": [
          -74.14299553295062,
          4.656048556746568
        ]
      }
    },
    {
      "type": "Feature",
      "properties": {
        "id": 180,
        "codigo": "004528",
        "nombre": "PASO ANCHO"
      },
      "geometry": {
        "type": "Point",
        "coordinates": [
          -74.19331462596354,
          4.611549281043124
        ]
      }
    },
    {
      "type": "Feature",
      "properties": {
        "id": 181,
        "codigo": "104130",
        "nombre": "BRAZUELOS OCCIDENTAL RURAL"
      },
      "geometry": {
        "type": "Point",
        "coordinates": [
          -74.12446173871541,
          4.494939250660327
        ]
      }
    },
    {
      "type": "Feature",
      "properties": {
        "id": 182,
        "codigo": "001429",
        "nombre": "GUIPARMA"
      },
      "geometry": {
        "type": "Point",
        "coordinates": [
          -74.11803240980343,
          4.560316632217037
        ]
      }
    },
    {
      "type": "Feature",
      "properties": {
        "id": 183,
        "codigo": "004524",
        "nombre": "SAN PABLO BOSA"
      },
      "geometry": {
        "type": "Point",
        "coordinates": [
          -74.18982874487247,
          4.604619146154999
        ]
      }
    },
    {
      "type": "Feature",
      "properties": {
        "id": 184,
        "codigo": "205209",
        "nombre": "EL JAZMIN"
      },
      "geometry": {
        "type": "Point",
        "coordinates": [
          -74.1802902156357,
          4.6495514597167995
        ]
      }
    },
    {
      "type": "Feature",
      "properties": {
        "id": 185,
        "codigo": "002546",
        "nombre": "NACIONES UNIDAS"
      },
      "geometry": {
        "type": "Point",
        "coordinates": [
          -74.14902569096255,
          4.541443973148265
        ]
      }
    },
    {
      "type": "Feature",
      "properties": {
        "id": 186,
        "codigo": "107107",
        "nombre": "LAS MERCEDES SUBA RURAL"
      },
      "geometry": {
        "type": "Point",
        "coordinates": [
          -74.0856279891389,
          4.764588410612275
        ]
      }
    },
    {
      "type": "Feature",
      "properties": {
        "id": 187,
        "codigo": "005661",
        "nombre": "LUIS CARLOS GALAN"
      },
      "geometry": {
        "type": "Point",
        "coordinates": [
          -74.09738183140979,
          4.715980489027107
        ]
      }
    },
    {
      "type": "Feature",
      "properties": {
        "id": 188,
        "codigo": "001358",
        "nombre": "CHIGUAZA URBANO"
      },
      "geometry": {
        "type": "Point",
        "coordinates": [
          -74.08141929221551,
          4.53494865841342
        ]
      }
    },
    {
      "type": "Feature",
      "properties": {
        "id": 189,
        "codigo": "005619",
        "nombre": "PARIS"
      },
      "geometry": {
        "type": "Point",
        "coordinates": [
          -74.10622847975783,
          4.70331351069035
        ]
      }
    },
    {
      "type": "Feature",
      "properties": {
        "id": 190,
        "codigo": "005611",
        "nombre": "AUTOPISTA MEDELLIN"
      },
      "geometry": {
        "type": "Point",
        "coordinates": [
          -74.09426673741623,
          4.700754677918427
        ]
      }
    },
    {
      "type": "Feature",
      "properties": {
        "id": 191,
        "codigo": "009138",
        "nombre": "CASABLANCA SUBA URBANO I"
      },
      "geometry": {
        "type": "Point",
        "coordinates": [
          -74.05272528525984,
          4.7818420354631
        ]
      }
    },
    {
      "type": "Feature",
      "properties": {
        "id": 192,
        "codigo": "001209",
        "nombre": "MODELO SUR"
      },
      "geometry": {
        "type": "Point",
        "coordinates": [
          -74.08551936773999,
          4.586057453880052
        ]
      }
    },
    {
      "type": "Feature",
      "properties": {
        "id": 194,
        "codigo": "008524",
        "nombre": "LA GRANJA NORTE"
      },
      "geometry": {
        "type": "Point",
        "coordinates": [
          -74.02717079120069,
          4.749766506449429
        ]
      }
    },
    {
      "type": "Feature",
      "properties": {
        "id": 195,
        "codigo": "002622",
        "nombre": "TOCAIMITA ORIENTAL I"
      },
      "geometry": {
        "type": "Point",
        "coordinates": [
          -74.09805706086523,
          4.502099567080294
        ]
      }
    },
    {
      "type": "Feature",
      "properties": {
        "id": 196,
        "codigo": "108113",
        "nombre": "BOSQUE DE PINOS III RURAL"
      },
      "geometry": {
        "type": "Point",
        "coordinates": [
          -74.0205306770321,
          4.730642184904992
        ]
      }
    },
    {
      "type": "Feature",
      "properties": {
        "id": 197,
        "codigo": "005672",
        "nombre": "LAS NAVETAS"
      },
      "geometry": {
        "type": "Point",
        "coordinates": [
          -74.15880055434931,
          4.706371337707369
        ]
      }
    },
    {
      "type": "Feature",
      "properties": {
        "id": 198,
        "codigo": "003208",
        "nombre": "EL ROCIO"
      },
      "geometry": {
        "type": "Point",
        "coordinates": [
          -74.07005450391726,
          4.582776956739995
        ]
      }
    },
    {
      "type": "Feature",
      "properties": {
        "id": 199,
        "codigo": "001404",
        "nombre": "SOSIEGO SUR"
      },
      "geometry": {
        "type": "Point",
        "coordinates": [
          -74.09939565547207,
          4.5730072701497075
        ]
      }
    },
    {
      "type": "Feature",
      "properties": {
        "id": 200,
        "codigo": "002309",
        "nombre": "VILLA MAYOR ORIENTAL"
      },
      "geometry": {
        "type": "Point",
        "coordinates": [
          -74.12269947429554,
          4.591988795402191
        ]
      }
    },
    {
      "type": "Feature",
      "properties": {
        "id": 201,
        "codigo": "002423",
        "nombre": "ESPINO"
      },
      "geometry": {
        "type": "Point",
        "coordinates": [
          -74.17267966666883,
          4.583914524152629
        ]
      }
    },
    {
      "type": "Feature",
      "properties": {
        "id": 202,
        "codigo": "006506",
        "nombre": "CASTILLA"
      },
      "geometry": {
        "type": "Point",
        "coordinates": [
          -74.14365514737202,
          4.639480000471785
        ]
      }
    },
    {
      "type": "Feature",
      "properties": {
        "id": 203,
        "codigo": "009212",
        "nombre": "SUBA URBANO"
      },
      "geometry": {
        "type": "Point",
        "coordinates": [
          -74.08199480118797,
          4.7414646692158495
        ]
      }
    },
    {
      "type": "Feature",
      "properties": {
        "id": 204,
        "codigo": "009254",
        "nombre": "LISBOA"
      },
      "geometry": {
        "type": "Point",
        "coordinates": [
          -74.12130081771247,
          4.743025440129734
        ]
      }
    },
    {
      "type": "Feature",
      "properties": {
        "id": 205,
        "codigo": "006510",
        "nombre": "VILLA ALSACIA II"
      },
      "geometry": {
        "type": "Point",
        "coordinates": [
          -74.13557002904781,
          4.643320092498993
        ]
      }
    },
    {
      "type": "Feature",
      "properties": {
        "id": 206,
        "codigo": "005615",
        "nombre": "LA SOLEDAD NORTE"
      },
      "geometry": {
        "type": "Point",
        "coordinates": [
          -74.10272316412791,
          4.696977453807082
        ]
      }
    },
    {
      "type": "Feature",
      "properties": {
        "id": 207,
        "codigo": "001426",
        "nombre": "SAN LUIS"
      },
      "geometry": {
        "type": "Point",
        "coordinates": [
          -74.1046530975631,
          4.567106848205185
        ]
      }
    },
    {
      "type": "Feature",
      "properties": {
        "id": 208,
        "codigo": "001324",
        "nombre": "EL PINAR"
      },
      "geometry": {
        "type": "Point",
        "coordinates": [
          -74.08833459422246,
          4.536336836832637
        ]
      }
    },
    {
      "type": "Feature",
      "properties": {
        "id": 209,
        "codigo": "007404",
        "nombre": "ALCAZARES NORTE"
      },
      "geometry": {
        "type": "Point",
        "coordinates": [
          -74.06843973424354,
          4.665187034392177
        ]
      }
    },
    {
      "type": "Feature",
      "properties": {
        "id": 210,
        "codigo": "004611",
        "nombre": "EL JAZMIN"
      },
      "geometry": {
        "type": "Point",
        "coordinates": [
          -74.17835663340753,
          4.646036231319601
        ]
      }
    },
    {
      "type": "Feature",
      "properties": {
        "id": 211,
        "codigo": "006316",
        "nombre": "BOSQUE DE MODELIA"
      },
      "geometry": {
        "type": "Point",
        "coordinates": [
          -74.1233187359163,
          4.672334270261148
        ]
      }
    },
    {
      "type": "Feature",
      "properties": {
        "id": 212,
        "codigo": "002620",
        "nombre": "EL NUEVO PORTAL II"
      },
      "geometry": {
        "type": "Point",
        "coordinates": [
          -74.10068972124927,
          4.490773454224479
        ]
      }
    },
    {
      "type": "Feature",
      "properties": {
        "id": 213,
        "codigo": "205319",
        "nombre": "SAN BERNARDINO XIX"
      },
      "geometry": {
        "type": "Point",
        "coordinates": [
          -74.20601889829183,
          4.63483881362943
        ]
      }
    },
    {
      "type": "Feature",
      "properties": {
        "id": 214,
        "codigo": "003204",
        "nombre": "BELEN"
      },
      "geometry": {
        "type": "Point",
        "coordinates": [
          -74.07265517538275,
          4.591361324956789
        ]
      }
    },
    {
      "type": "Feature",
      "properties": {
        "id": 215,
        "codigo": "001305",
        "nombre": "ATENAS"
      },
      "geometry": {
        "type": "Point",
        "coordinates": [
          -74.09290798551561,
          4.557177879560092
        ]
      }
    },
    {
      "type": "Feature",
      "properties": {
        "id": 216,
        "codigo": "005641",
        "nombre": "SANTA MONICA"
      },
      "geometry": {
        "type": "Point",
        "coordinates": [
          -74.11682166583853,
          4.700836839435624
        ]
      }
    },
    {
      "type": "Feature",
      "properties": {
        "id": 217,
        "codigo": "009141",
        "nombre": "LA CANDELARIA"
      },
      "geometry": {
        "type": "Point",
        "coordinates": [
          -74.07576006420632,
          4.804772498505865
        ]
      }
    },
    {
      "type": "Feature",
      "properties": {
        "id": 218,
        "codigo": "002595",
        "nombre": "LAGUNITAS URBANO"
      },
      "geometry": {
        "type": "Point",
        "coordinates": [
          -74.1466626199826,
          4.508176505245464
        ]
      }
    },
    {
      "type": "Feature",
      "properties": {
        "id": 219,
        "codigo": "004623",
        "nombre": "SAN BERNARDINO POTRERITOS"
      },
      "geometry": {
        "type": "Point",
        "coordinates": [
          -74.204923458505,
          4.622553435519966
        ]
      }
    },
    {
      "type": "Feature",
      "properties": {
        "id": 220,
        "codigo": "009257",
        "nombre": "TIBABUYES"
      },
      "geometry": {
        "type": "Point",
        "coordinates": [
          -74.11192612750632,
          4.73659991536156
        ]
      }
    },
    {
      "type": "Feature",
      "properties": {
        "id": 221,
        "codigo": "006217",
        "nombre": "CIUDAD SALITRE SUR-ORIENTAL"
      },
      "geometry": {
        "type": "Point",
        "coordinates": [
          -74.10400768435693,
          4.642392720323199
        ]
      }
    },
    {
      "type": "Feature",
      "properties": {
        "id": 222,
        "codigo": "002566",
        "nombre": "LA PAZ"
      },
      "geometry": {
        "type": "Point",
        "coordinates": [
          -74.11474936292956,
          4.542091419303721
        ]
      }
    },
    {
      "type": "Feature",
      "properties": {
        "id": 223,
        "codigo": "004588",
        "nombre": "EL DANUBIO AZUL"
      },
      "geometry": {
        "type": "Point",
        "coordinates": [
          -74.18222768788542,
          4.621510436001942
        ]
      }
    },
    {
      "type": "Feature",
      "properties": {
        "id": 224,
        "codigo": "002411",
        "nombre": "ISLA DEL SOL"
      },
      "geometry": {
        "type": "Point",
        "coordinates": [
          -74.15116457238686,
          4.5918087466832995
        ]
      }
    },
    {
      "type": "Feature",
      "properties": {
        "id": 225,
        "codigo": "006218",
        "nombre": "CENTRO INDUSTRIAL"
      },
      "geometry": {
        "type": "Point",
        "coordinates": [
          -74.11095444567408,
          4.638602130065272
        ]
      }
    },
    {
      "type": "Feature",
      "properties": {
        "id": 226,
        "codigo": "006533",
        "nombre": "EL TINTAL III"
      },
      "geometry": {
        "type": "Point",
        "coordinates": [
          -74.15088800929246,
          4.654609884140322
        ]
      }
    },
    {
      "type": "Feature",
      "properties": {
        "id": 227,
        "codigo": "008205",
        "nombre": "MARIA CRISTINA"
      },
      "geometry": {
        "type": "Point",
        "coordinates": [
          -74.05543363774797,
          4.644902307997608
        ]
      }
    },
    {
      "type": "Feature",
      "properties": {
        "id": 228,
        "codigo": "004508",
        "nombre": "CIUDAD KENNEDY OCCIDENTAL"
      },
      "geometry": {
        "type": "Point",
        "coordinates": [
          -74.16115743585067,
          4.622271382551848
        ]
      }
    },
    {
      "type": "Feature",
      "properties": {
        "id": 229,
        "codigo": "005610",
        "nombre": "LA GRANJA"
      },
      "geometry": {
        "type": "Point",
        "coordinates": [
          -74.09817253811951,
          4.698868277500443
        ]
      }
    },
    {
      "type": "Feature",
      "properties": {
        "id": 230,
        "codigo": "002537",
        "nombre": "CHUNIZA"
      },
      "geometry": {
        "type": "Point",
        "coordinates": [
          -74.10906123676996,
          4.505054877340887
        ]
      }
    },
    {
      "type": "Feature",
      "properties": {
        "id": 231,
        "codigo": "002436",
        "nombre": "BELLAVISTA"
      },
      "geometry": {
        "type": "Point",
        "coordinates": [
          -74.16056455474086,
          4.575496473795319
        ]
      }
    },
    {
      "type": "Feature",
      "properties": {
        "id": 232,
        "codigo": "006302",
        "nombre": "CAPELLANIA"
      },
      "geometry": {
        "type": "Point",
        "coordinates": [
          -74.12077616132478,
          4.661071877389856
        ]
      }
    },
    {
      "type": "Feature",
      "properties": {
        "id": 233,
        "codigo": "002618",
        "nombre": "PUERTA AL LLANO DE USME"
      },
      "geometry": {
        "type": "Point",
        "coordinates": [
          -74.10231726085335,
          4.487449460324415
        ]
      }
    },
    {
      "type": "Feature",
      "properties": {
        "id": 234,
        "codigo": "104136",
        "nombre": "EL MOCHUELO II RURAL"
      },
      "geometry": {
        "type": "Point",
        "coordinates": [
          -74.12990674954526,
          4.52265510600416
        ]
      }
    },
    {
      "type": "Feature",
      "properties": {
        "id": 235,
        "codigo": "004587",
        "nombre": "LOS SAUCES"
      },
      "geometry": {
        "type": "Point",
        "coordinates": [
          -74.19089890237106,
          4.617037081184037
        ]
      }
    },
    {
      "type": "Feature",
      "properties": {
        "id": 236,
        "codigo": "102909",
        "nombre": "SAN BENITO"
      },
      "geometry": {
        "type": "Point",
        "coordinates": [
          -74.11602218931644,
          4.361308658832005
        ]
      }
    },
    {
      "type": "Feature",
      "properties": {
        "id": 237,
        "codigo": "201508",
        "nombre": "PARDO RUBIO I"
      },
      "geometry": {
        "type": "Point",
        "coordinates": [
          -74.05808026628831,
          4.634678764528003
        ]
      }
    },
    {
      "type": "Feature",
      "properties": {
        "id": 238,
        "codigo": "002205",
        "nombre": "SANTA LUCIA"
      },
      "geometry": {
        "type": "Point",
        "coordinates": [
          -74.12550979237496,
          4.574507471579304
        ]
      }
    },
    {
      "type": "Feature",
      "properties": {
        "id": 239,
        "codigo": "009116",
        "nombre": "PRADO VERANIEGO NORTE"
      },
      "geometry": {
        "type": "Point",
        "coordinates": [
          -74.06272426683955,
          4.719623366075274
        ]
      }
    },
    {
      "type": "Feature",
      "properties": {
        "id": 240,
        "codigo": "001113",
        "nombre": "SAN BLAS II"
      },
      "geometry": {
        "type": "Point",
        "coordinates": [
          -74.07954734104301,
          4.562564469112619
        ]
      }
    },
    {
      "type": "Feature",
      "properties": {
        "id": 241,
        "codigo": "003212",
        "nombre": "LOURDES"
      },
      "geometry": {
        "type": "Point",
        "coordinates": [
          -74.07362942440147,
          4.588523167395545
        ]
      }
    },
    {
      "type": "Feature",
      "properties": {
        "id": 242,
        "codigo": "004625",
        "nombre": "EL REMANSO I"
      },
      "geometry": {
        "type": "Point",
        "coordinates": [
          -74.20013934218203,
          4.620333942740556
        ]
      }
    },
    {
      "type": "Feature",
      "properties": {
        "id": 243,
        "codigo": "008425",
        "nombre": "GINEBRA II"
      },
      "geometry": {
        "type": "Point",
        "coordinates": [
          -74.02574699051755,
          4.705637842293015
        ]
      }
    },
    {
      "type": "Feature",
      "properties": {
        "id": 244,
        "codigo": "109112",
        "nombre": "CAPITOLIO"
      },
      "geometry": {
        "type": "Point",
        "coordinates": [
          -74.3449142671989,
          4.035558663033591
        ]
      }
    },
    {
      "type": "Feature",
      "properties": {
        "id": 245,
        "codigo": "002455",
        "nombre": "LA VALVANERA"
      },
      "geometry": {
        "type": "Point",
        "coordinates": [
          -74.16488109900334,
          4.590196860257927
        ]
      }
    },
    {
      "type": "Feature",
      "properties": {
        "id": 247,
        "codigo": "107112",
        "nombre": "LA LOMITA"
      },
      "geometry": {
        "type": "Point",
        "coordinates": [
          -74.07226774909626,
          4.797771940407062
        ]
      }
    },
    {
      "type": "Feature",
      "properties": {
        "id": 248,
        "codigo": "205401",
        "nombre": "EL CHANCO II"
      },
      "geometry": {
        "type": "Point",
        "coordinates": [
          -74.16778716727504,
          4.685764536718031
        ]
      }
    },
    {
      "type": "Feature",
      "properties": {
        "id": 249,
        "codigo": "101308",
        "nombre": "CHIGUAZA RURAL"
      },
      "geometry": {
        "type": "Point",
        "coordinates": [
          -74.08302706929446,
          4.525165047182202
        ]
      }
    },
    {
      "type": "Feature",
      "properties": {
        "id": 250,
        "codigo": "008418",
        "nombre": "SAN PATRICIO"
      },
      "geometry": {
        "type": "Point",
        "coordinates": [
          -74.04981455492279,
          4.695340190079096
        ]
      }
    },
    {
      "type": "Feature",
      "properties": {
        "id": 251,
        "codigo": "009220",
        "nombre": "LAGO DE SUBA"
      },
      "geometry": {
        "type": "Point",
        "coordinates": [
          -74.09863571287266,
          4.731713923843953
        ]
      }
    },
    {
      "type": "Feature",
      "properties": {
        "id": 252,
        "codigo": "007312",
        "nombre": "RAFAEL URIBE"
      },
      "geometry": {
        "type": "Point",
        "coordinates": [
          -74.06771173250748,
          4.6555183536854114
        ]
      }
    },
    {
      "type": "Feature",
      "properties": {
        "id": 253,
        "codigo": "006516",
        "nombre": "TINTALA"
      },
      "geometry": {
        "type": "Point",
        "coordinates": [
          -74.15559172724954,
          4.64851476222411
        ]
      }
    },
    {
      "type": "Feature",
      "properties": {
        "id": 254,
        "codigo": "004513",
        "nombre": "SAN DIEGO-BOSA"
      },
      "geometry": {
        "type": "Point",
        "coordinates": [
          -74.21069366034361,
          4.61184574076477
        ]
      }
    },
    {
      "type": "Feature",
      "properties": {
        "id": 255,
        "codigo": "007311",
        "nombre": "SIETE DE AGOSTO"
      },
      "geometry": {
        "type": "Point",
        "coordinates": [
          -74.07114554994376,
          4.657466485312693
        ]
      }
    },
    {
      "type": "Feature",
      "properties": {
        "id": 256,
        "codigo": "001357",
        "nombre": "SANTA INES SUR II"
      },
      "geometry": {
        "type": "Point",
        "coordinates": [
          -74.08820804617078,
          4.561215895570696
        ]
      }
    },
    {
      "type": "Feature",
      "properties": {
        "id": 257,
        "codigo": "005616",
        "nombre": "LOS CEREZOS"
      },
      "geometry": {
        "type": "Point",
        "coordinates": [
          -74.09769258443784,
          4.70913835864768
        ]
      }
    },
    {
      "type": "Feature",
      "properties": {
        "id": 258,
        "codigo": "109109",
        "nombre": "TUNAL ALTO"
      },
      "geometry": {
        "type": "Point",
        "coordinates": [
          -74.30725216339526,
          3.9252641873706846
        ]
      }
    },
    {
      "type": "Feature",
      "properties": {
        "id": 259,
        "codigo": "109104",
        "nombre": "SAN JUAN"
      },
      "geometry": {
        "type": "Point",
        "coordinates": [
          -74.31594111732113,
          4.026187179295005
        ]
      }
    },
    {
      "type": "Feature",
      "properties": {
        "id": 260,
        "codigo": "006505",
        "nombre": "PIO XII"
      },
      "geometry": {
        "type": "Point",
        "coordinates": [
          -74.14953256663456,
          4.635188449651981
        ]
      }
    },
    {
      "type": "Feature",
      "properties": {
        "id": 261,
        "codigo": "002507",
        "nombre": "ABRAHAM LINCOLN"
      },
      "geometry": {
        "type": "Point",
        "coordinates": [
          -74.12379270961983,
          4.5575166252641175
        ]
      }
    },
    {
      "type": "Feature",
      "properties": {
        "id": 262,
        "codigo": "002615",
        "nombre": "LA ESPERANZA DE USME"
      },
      "geometry": {
        "type": "Point",
        "coordinates": [
          -74.11090209012502,
          4.493642876408377
        ]
      }
    },
    {
      "type": "Feature",
      "properties": {
        "id": 263,
        "codigo": "006105",
        "nombre": "SAN VICTORINO"
      },
      "geometry": {
        "type": "Point",
        "coordinates": [
          -74.08069223411017,
          4.606259439155234
        ]
      }
    },
    {
      "type": "Feature",
      "properties": {
        "id": 264,
        "codigo": "004619",
        "nombre": "CHUCUA DE LA VACA III"
      },
      "geometry": {
        "type": "Point",
        "coordinates": [
          -74.16351091614665,
          4.629323289709418
        ]
      }
    },
    {
      "type": "Feature",
      "properties": {
        "id": 265,
        "codigo": "004536",
        "nombre": "EL RUBI"
      },
      "geometry": {
        "type": "Point",
        "coordinates": [
          -74.17640128810613,
          4.609186199893528
        ]
      }
    },
    {
      "type": "Feature",
      "properties": {
        "id": 266,
        "codigo": "002302",
        "nombre": "SANTANDER SUR"
      },
      "geometry": {
        "type": "Point",
        "coordinates": [
          -74.11258384860129,
          4.5908374570958035
        ]
      }
    },
    {
      "type": "Feature",
      "properties": {
        "id": 267,
        "codigo": "002533",
        "nombre": "SOTAVENTO"
      },
      "geometry": {
        "type": "Point",
        "coordinates": [
          -74.13915113524428,
          4.544368547887871
        ]
      }
    },
    {
      "type": "Feature",
      "properties": {
        "id": 268,
        "codigo": "006104",
        "nombre": "LA FAVORITA"
      },
      "geometry": {
        "type": "Point",
        "coordinates": [
          -74.07860966298203,
          4.609954037461358
        ]
      }
    },
    {
      "type": "Feature",
      "properties": {
        "id": 269,
        "codigo": "201502",
        "nombre": "SIBERIA RURAL"
      },
      "geometry": {
        "type": "Point",
        "coordinates": [
          -74.05683974553747,
          4.631250668285758
        ]
      }
    },
    {
      "type": "Feature",
      "properties": {
        "id": 270,
        "codigo": "002555",
        "nombre": "SAN JUAN BAUTISTA"
      },
      "geometry": {
        "type": "Point",
        "coordinates": [
          -74.11995635103347,
          4.514002284748908
        ]
      }
    },
    {
      "type": "Feature",
      "properties": {
        "id": 271,
        "codigo": "001206",
        "nombre": "QUINTA RAMOS"
      },
      "geometry": {
        "type": "Point",
        "coordinates": [
          -74.08824449481345,
          4.578908700262284
        ]
      }
    },
    {
      "type": "Feature",
      "properties": {
        "id": 272,
        "codigo": "202404",
        "nombre": "SAN FELIPE DE USME RURAL"
      },
      "geometry": {
        "type": "Point",
        "coordinates": [
          -74.09632278554531,
          4.500817416194112
        ]
      }
    },
    {
      "type": "Feature",
      "properties": {
        "id": 273,
        "codigo": "007305",
        "nombre": "LA ESPERANZA"
      },
      "geometry": {
        "type": "Point",
        "coordinates": [
          -74.0655126552809,
          4.652828671904122
        ]
      }
    },
    {
      "type": "Feature",
      "properties": {
        "id": 274,
        "codigo": "006512",
        "nombre": "VILLA ALSACIA"
      },
      "geometry": {
        "type": "Point",
        "coordinates": [
          -74.12708193351,
          4.643791023580332
        ]
      }
    },
    {
      "type": "Feature",
      "properties": {
        "id": 275,
        "codigo": "009134",
        "nombre": "SAN JOSE V SECTOR"
      },
      "geometry": {
        "type": "Point",
        "coordinates": [
          -74.06326221276724,
          4.756760353585195
        ]
      }
    },
    {
      "type": "Feature",
      "properties": {
        "id": 276,
        "codigo": "008407",
        "nombre": "USAQUEN"
      },
      "geometry": {
        "type": "Point",
        "coordinates": [
          -74.02935917751401,
          4.692955169098004
        ]
      }
    },
    {
      "type": "Feature",
      "properties": {
        "id": 277,
        "codigo": "009260",
        "nombre": "ALTOS DE SUBA"
      },
      "geometry": {
        "type": "Point",
        "coordinates": [
          -74.07574595527731,
          4.733419963155368
        ]
      }
    },
    {
      "type": "Feature",
      "properties": {
        "id": 278,
        "codigo": "006501",
        "nombre": "COOPERATIVA DE SUB-OFICIALES"
      },
      "geometry": {
        "type": "Point",
        "coordinates": [
          -74.13276499985047,
          4.638337680236799
        ]
      }
    },
    {
      "type": "Feature",
      "properties": {
        "id": 279,
        "codigo": "101502",
        "nombre": "SIBERIA"
      },
      "geometry": {
        "type": "Point",
        "coordinates": [
          -74.04816948345308,
          4.625019373137466
        ]
      }
    },
    {
      "type": "Feature",
      "properties": {
        "id": 280,
        "codigo": "002599",
        "nombre": "CENTRO USME URBANO"
      },
      "geometry": {
        "type": "Point",
        "coordinates": [
          -74.12498866104589,
          4.4738255002723095
        ]
      }
    },
    {
      "type": "Feature",
      "properties": {
        "id": 281,
        "codigo": "002564",
        "nombre": "EL MINUTO DE MARIA"
      },
      "geometry": {
        "type": "Point",
        "coordinates": [
          -74.14231492098797,
          4.536172244798443
        ]
      }
    },
    {
      "type": "Feature",
      "properties": {
        "id": 282,
        "codigo": "104131",
        "nombre": "MOCHUELO ALTO RURAL"
      },
      "geometry": {
        "type": "Point",
        "coordinates": [
          -74.14794089178164,
          4.4810173662735275
        ]
      }
    },
    {
      "type": "Feature",
      "properties": {
        "id": 283,
        "codigo": "008206",
        "nombre": "LA SALLE"
      },
      "geometry": {
        "type": "Point",
        "coordinates": [
          -74.05868322161042,
          4.644527208130262
        ]
      }
    },
    {
      "type": "Feature",
      "properties": {
        "id": 284,
        "codigo": "002602",
        "nombre": "FISCALA ALTA"
      },
      "geometry": {
        "type": "Point",
        "coordinates": [
          -74.10168014189288,
          4.526356488301322
        ]
      }
    },
    {
      "type": "Feature",
      "properties": {
        "id": 285,
        "codigo": "001402",
        "nombre": "GUSTAVO RESTREPO"
      },
      "geometry": {
        "type": "Point",
        "coordinates": [
          -74.10814229246053,
          4.576088767016752
        ]
      }
    },
    {
      "type": "Feature",
      "properties": {
        "id": 286,
        "codigo": "002629",
        "nombre": "EL NEVADO II"
      },
      "geometry": {
        "type": "Point",
        "coordinates": [
          -74.1058105326449,
          4.5217746632446465
        ]
      }
    },
    {
      "type": "Feature",
      "properties": {
        "id": 287,
        "codigo": "001403",
        "nombre": "HOSPITAL SAN CARLOS"
      },
      "geometry": {
        "type": "Point",
        "coordinates": [
          -74.10791349074549,
          4.57177664040847
        ]
      }
    },
    {
      "type": "Feature",
      "properties": {
        "id": 288,
        "codigo": "101307",
        "nombre": "TIHUAQUE RURAL"
      },
      "geometry": {
        "type": "Point",
        "coordinates": [
          -74.08012612694621,
          4.501770968690198
        ]
      }
    },
    {
      "type": "Feature",
      "properties": {
        "id": 289,
        "codigo": "002565",
        "nombre": "PARAISO QUIBA"
      },
      "geometry": {
        "type": "Point",
        "coordinates": [
          -74.16195488890524,
          4.551564521886097
        ]
      }
    },
    {
      "type": "Feature",
      "properties": {
        "id": 290,
        "codigo": "002306",
        "nombre": "BRAVO PAEZ"
      },
      "geometry": {
        "type": "Point",
        "coordinates": [
          -74.12054207411883,
          4.5864483059530965
        ]
      }
    },
    {
      "type": "Feature",
      "properties": {
        "id": 291,
        "codigo": "008402",
        "nombre": "COUNTRY CLUB"
      },
      "geometry": {
        "type": "Point",
        "coordinates": [
          -74.04178720854655,
          4.7121902045567134
        ]
      }
    },
    {
      "type": "Feature",
      "properties": {
        "id": 292,
        "codigo": "004543",
        "nombre": "ALQUERIA LA FRAGUA"
      },
      "geometry": {
        "type": "Point",
        "coordinates": [
          -74.13672237109228,
          4.602605028289138
        ]
      }
    },
    {
      "type": "Feature",
      "properties": {
        "id": 293,
        "codigo": "002575",
        "nombre": "CERRO COLORADO"
      },
      "geometry": {
        "type": "Point",
        "coordinates": [
          -74.15770304415291,
          4.561609899514779
        ]
      }
    },
    {
      "type": "Feature",
      "properties": {
        "id": 294,
        "codigo": "009239",
        "nombre": "LAS MERCEDES SUBA"
      },
      "geometry": {
        "type": "Point",
        "coordinates": [
          -74.08302606586093,
          4.758418712430305
        ]
      }
    },
    {
      "type": "Feature",
      "properties": {
        "id": 295,
        "codigo": "002562",
        "nombre": "CENTRAL DE MEZCLAS"
      },
      "geometry": {
        "type": "Point",
        "coordinates": [
          -74.13255399183464,
          4.547195811203222
        ]
      }
    },
    {
      "type": "Feature",
      "properties": {
        "id": 296,
        "codigo": "007202",
        "nombre": "SAN LUIS"
      },
      "geometry": {
        "type": "Point",
        "coordinates": [
          -74.07135080964281,
          4.64700371350311
        ]
      }
    },
    {
      "type": "Feature",
      "properties": {
        "id": 297,
        "codigo": "001421",
        "nombre": "DIANA TURBAY"
      },
      "geometry": {
        "type": "Point",
        "coordinates": [
          -74.10829197597474,
          4.547821838899891
        ]
      }
    },
    {
      "type": "Feature",
      "properties": {
        "id": 298,
        "codigo": "009217",
        "nombre": "RINCON DE SANTA INES"
      },
      "geometry": {
        "type": "Point",
        "coordinates": [
          -74.10256003864039,
          4.757543695795201
        ]
      }
    },
    {
      "type": "Feature",
      "properties": {
        "id": 299,
        "codigo": "002450",
        "nombre": "PERDOMO ALTO"
      },
      "geometry": {
        "type": "Point",
        "coordinates": [
          -74.16695329991337,
          4.586946339223482
        ]
      }
    },
    {
      "type": "Feature",
      "properties": {
        "id": 300,
        "codigo": "008406",
        "nombre": "SAN GABRIEL NORTE"
      },
      "geometry": {
        "type": "Point",
        "coordinates": [
          -74.02687888000519,
          4.700784822012835
        ]
      }
    },
    {
      "type": "Feature",
      "properties": {
        "id": 301,
        "codigo": "002401",
        "nombre": "TUNAL ORIENTAL"
      },
      "geometry": {
        "type": "Point",
        "coordinates": [
          -74.13226673843796,
          4.5761255506923435
        ]
      }
    },
    {
      "type": "Feature",
      "properties": {
        "id": 302,
        "codigo": "002303",
        "nombre": "CENTENARIO"
      },
      "geometry": {
        "type": "Point",
        "coordinates": [
          -74.1081098292318,
          4.585725146361839
        ]
      }
    },
    {
      "type": "Feature",
      "properties": {
        "id": 303,
        "codigo": "003206",
        "nombre": "LA PENA"
      },
      "geometry": {
        "type": "Point",
        "coordinates": [
          -74.06632820957975,
          4.586862237286597
        ]
      }
    },
    {
      "type": "Feature",
      "properties": {
        "id": 304,
        "codigo": "102914",
        "nombre": "YOMASA NORTE RURAL"
      },
      "geometry": {
        "type": "Point",
        "coordinates": [
          -74.12173138450108,
          4.500915180329415
        ]
      }
    },
    {
      "type": "Feature",
      "properties": {
        "id": 305,
        "codigo": "208127",
        "nombre": "PARAMO RURAL V"
      },
      "geometry": {
        "type": "Point",
        "coordinates": [
          -74.01225843652243,
          4.66585253782603
        ]
      }
    },
    {
      "type": "Feature",
      "properties": {
        "id": 306,
        "codigo": "001313",
        "nombre": "BELLAVISTA SUR"
      },
      "geometry": {
        "type": "Point",
        "coordinates": [
          -74.08859785996289,
          4.550667313183771
        ]
      }
    },
    {
      "type": "Feature",
      "properties": {
        "id": 307,
        "codigo": "004105",
        "nombre": "EDUARDO SANTOS"
      },
      "geometry": {
        "type": "Point",
        "coordinates": [
          -74.09016920551029,
          4.595046501724061
        ]
      }
    },
    {
      "type": "Feature",
      "properties": {
        "id": 308,
        "codigo": "004111",
        "nombre": "EL PROGRESO"
      },
      "geometry": {
        "type": "Point",
        "coordinates": [
          -74.09309790525143,
          4.600833474696873
        ]
      }
    },
    {
      "type": "Feature",
      "properties": {
        "id": 309,
        "codigo": "005110",
        "nombre": "EL SALITRE"
      },
      "geometry": {
        "type": "Point",
        "coordinates": [
          -74.09880965596159,
          4.652362084682296
        ]
      }
    },
    {
      "type": "Feature",
      "properties": {
        "id": 310,
        "codigo": "001109",
        "nombre": "LA MARIA"
      },
      "geometry": {
        "type": "Point",
        "coordinates": [
          -74.08141286263985,
          4.576022498503244
        ]
      }
    },
    {
      "type": "Feature",
      "properties": {
        "id": 311,
        "codigo": "201108",
        "nombre": "EL REFUGIO II"
      },
      "geometry": {
        "type": "Point",
        "coordinates": [
          -74.04411665740452,
          4.664322988780339
        ]
      }
    },
    {
      "type": "Feature",
      "properties": {
        "id": 312,
        "codigo": "208104",
        "nombre": "PARAMO URBANO"
      },
      "geometry": {
        "type": "Point",
        "coordinates": [
          -74.02988308262617,
          4.674941014947189
        ]
      }
    },
    {
      "type": "Feature",
      "properties": {
        "id": 313,
        "codigo": "001416",
        "nombre": "SAN AGUSTIN"
      },
      "geometry": {
        "type": "Point",
        "coordinates": [
          -74.10951189279173,
          4.550406497521086
        ]
      }
    },
    {
      "type": "Feature",
      "properties": {
        "id": 314,
        "codigo": "008537",
        "nombre": "VERBENAL SAN ANTONIO"
      },
      "geometry": {
        "type": "Point",
        "coordinates": [
          -74.03439217269735,
          4.763352943243869
        ]
      }
    },
    {
      "type": "Feature",
      "properties": {
        "id": 315,
        "codigo": "009221",
        "nombre": "LA CHUCUA"
      },
      "geometry": {
        "type": "Point",
        "coordinates": [
          -74.09292074777139,
          4.736998789927571
        ]
      }
    },
    {
      "type": "Feature",
      "properties": {
        "id": 316,
        "codigo": "002556",
        "nombre": "DESARROLLO BRAZUELOS I"
      },
      "geometry": {
        "type": "Point",
        "coordinates": [
          -74.11752434945458,
          4.497552243504294
        ]
      }
    },
    {
      "type": "Feature",
      "properties": {
        "id": 317,
        "codigo": "002568",
        "nombre": "ARBORIZADORA ALTA"
      },
      "geometry": {
        "type": "Point",
        "coordinates": [
          -74.16348804849179,
          4.5651367129175355
        ]
      }
    },
    {
      "type": "Feature",
      "properties": {
        "id": 318,
        "codigo": "005107",
        "nombre": "ACEVEDO TEJADA"
      },
      "geometry": {
        "type": "Point",
        "coordinates": [
          -74.0814652840539,
          4.63069109950221
        ]
      }
    },
    {
      "type": "Feature",
      "properties": {
        "id": 319,
        "codigo": "004583",
        "nombre": "ARGELIA II"
      },
      "geometry": {
        "type": "Point",
        "coordinates": [
          -74.18446440069303,
          4.614213927225348
        ]
      }
    },
    {
      "type": "Feature",
      "properties": {
        "id": 320,
        "codigo": "104127",
        "nombre": "EL MOCHUELO IV"
      },
      "geometry": {
        "type": "Point",
        "coordinates": [
          -74.15278360960387,
          4.5364090855756825
        ]
      }
    },
    {
      "type": "Feature",
      "properties": {
        "id": 321,
        "codigo": "102603",
        "nombre": "CENTRO USME RURAL II"
      },
      "geometry": {
        "type": "Point",
        "coordinates": [
          -74.12366454046239,
          4.46733948009764
        ]
      }
    },
    {
      "type": "Feature",
      "properties": {
        "id": 322,
        "codigo": "009248",
        "nombre": "TIBABUYES II"
      },
      "geometry": {
        "type": "Point",
        "coordinates": [
          -74.11523262174862,
          4.756772005401533
        ]
      }
    },
    {
      "type": "Feature",
      "properties": {
        "id": 323,
        "codigo": "002516",
        "nombre": "MEXICO"
      },
      "geometry": {
        "type": "Point",
        "coordinates": [
          -74.13609434772759,
          4.5546290560849485
        ]
      }
    },
    {
      "type": "Feature",
      "properties": {
        "id": 324,
        "codigo": "101110",
        "nombre": "PARAMO I RURAL"
      },
      "geometry": {
        "type": "Point",
        "coordinates": [
          -74.03821959261423,
          4.670312094430948
        ]
      }
    },
    {
      "type": "Feature",
      "properties": {
        "id": 325,
        "codigo": "103103",
        "nombre": "SANTA ROSA BAJA"
      },
      "geometry": {
        "type": "Point",
        "coordinates": [
          -74.19594235078166,
          4.1977711579357
        ]
      }
    },
    {
      "type": "Feature",
      "properties": {
        "id": 326,
        "codigo": "003102",
        "nombre": "LAS NIEVES"
      },
      "geometry": {
        "type": "Point",
        "coordinates": [
          -74.06973561439743,
          4.607536061302553
        ]
      }
    },
    {
      "type": "Feature",
      "properties": {
        "id": 327,
        "codigo": "001340",
        "nombre": "TIHUAQUE"
      },
      "geometry": {
        "type": "Point",
        "coordinates": [
          -74.08287000772582,
          4.502042104536698
        ]
      }
    },
    {
      "type": "Feature",
      "properties": {
        "id": 328,
        "codigo": "009101",
        "nombre": "GRANADA NORTE"
      },
      "geometry": {
        "type": "Point",
        "coordinates": [
          -74.05034454972639,
          4.750379660388956
        ]
      }
    },
    {
      "type": "Feature",
      "properties": {
        "id": 329,
        "codigo": "004551",
        "nombre": "HIPOTECHO SUR"
      },
      "geometry": {
        "type": "Point",
        "coordinates": [
          -74.12661646146329,
          4.62347331119584
        ]
      }
    },
    {
      "type": "Feature",
      "properties": {
        "id": 330,
        "codigo": "002557",
        "nombre": "JUAN JOSE RONDON"
      },
      "geometry": {
        "type": "Point",
        "coordinates": [
          -74.15295583599783,
          4.563509143013589
        ]
      }
    },
    {
      "type": "Feature",
      "properties": {
        "id": 331,
        "codigo": "105223",
        "nombre": "OSORIO XXIII"
      },
      "geometry": {
        "type": "Point",
        "coordinates": [
          -74.19030434166099,
          4.65013110299473
        ]
      }
    },
    {
      "type": "Feature",
      "properties": {
        "id": 332,
        "codigo": "009255",
        "nombre": "SANTA RITA DE SUBA"
      },
      "geometry": {
        "type": "Point",
        "coordinates": [
          -74.12659686866877,
          4.745490971982552
        ]
      }
    },
    {
      "type": "Feature",
      "properties": {
        "id": 333,
        "codigo": "008511",
        "nombre": "CEDRO NARVAEZ"
      },
      "geometry": {
        "type": "Point",
        "coordinates": [
          -74.03409800557601,
          4.721332305651441
        ]
      }
    },
    {
      "type": "Feature",
      "properties": {
        "id": 334,
        "codigo": "004593",
        "nombre": "LA LIBERTAD"
      },
      "geometry": {
        "type": "Point",
        "coordinates": [
          -74.19031724148697,
          4.628726303898575
        ]
      }
    },
    {
      "type": "Feature",
      "properties": {
        "id": 335,
        "codigo": "103206",
        "nombre": "PENALISA"
      },
      "geometry": {
        "type": "Point",
        "coordinates": [
          -74.13050174635465,
          4.184561907755782
        ]
      }
    },
    {
      "type": "Feature",
      "properties": {
        "id": 336,
        "codigo": "107106",
        "nombre": "TUNA RURAL"
      },
      "geometry": {
        "type": "Point",
        "coordinates": [
          -74.1022079778473,
          4.776974765589535
        ]
      }
    },
    {
      "type": "Feature",
      "properties": {
        "id": 337,
        "codigo": "005205",
        "nombre": "SIMON BOLIVAR"
      },
      "geometry": {
        "type": "Point",
        "coordinates": [
          -74.07962196583178,
          4.678470551898437
        ]
      }
    },
    {
      "type": "Feature",
      "properties": {
        "id": 338,
        "codigo": "004206",
        "nombre": "SAN FRANCISCO"
      },
      "geometry": {
        "type": "Point",
        "coordinates": [
          -74.10939220013213,
          4.620332159117385
        ]
      }
    },
    {
      "type": "Feature",
      "properties": {
        "id": 339,
        "codigo": "007403",
        "nombre": "SAN FELIPE"
      },
      "geometry": {
        "type": "Point",
        "coordinates": [
          -74.0637590473192,
          4.663135500329301
        ]
      }
    },
    {
      "type": "Feature",
      "properties": {
        "id": 340,
        "codigo": "002443",
        "nombre": "LA PRIMAVERA I"
      },
      "geometry": {
        "type": "Point",
        "coordinates": [
          -74.1741056321435,
          4.591097204959266
        ]
      }
    },
    {
      "type": "Feature",
      "properties": {
        "id": 341,
        "codigo": "005622",
        "nombre": "BOLIVIA"
      },
      "geometry": {
        "type": "Point",
        "coordinates": [
          -74.11450557143691,
          4.717687936144214
        ]
      }
    },
    {
      "type": "Feature",
      "properties": {
        "id": 342,
        "codigo": "009113",
        "nombre": "SAN JOSE DE BAVARIA"
      },
      "geometry": {
        "type": "Point",
        "coordinates": [
          -74.06085184204196,
          4.763965670602914
        ]
      }
    },
    {
      "type": "Feature",
      "properties": {
        "id": 343,
        "codigo": "004534",
        "nombre": "ROMA"
      },
      "geometry": {
        "type": "Point",
        "coordinates": [
          -74.17337693129308,
          4.6108758678033155
        ]
      }
    },
    {
      "type": "Feature",
      "properties": {
        "id": 344,
        "codigo": "008304",
        "nombre": "LOS ROSALES"
      },
      "geometry": {
        "type": "Point",
        "coordinates": [
          -74.04808021028967,
          4.660288721385841
        ]
      }
    },
    {
      "type": "Feature",
      "properties": {
        "id": 345,
        "codigo": "008306",
        "nombre": "PORCIUNCULA"
      },
      "geometry": {
        "type": "Point",
        "coordinates": [
          -74.05777242076267,
          4.659372979146395
        ]
      }
    },
    {
      "type": "Feature",
      "properties": {
        "id": 346,
        "codigo": "002597",
        "nombre": "LA FISCALA NORTE"
      },
      "geometry": {
        "type": "Point",
        "coordinates": [
          -74.11142734033412,
          4.536693958973909
        ]
      }
    },
    {
      "type": "Feature",
      "properties": {
        "id": 347,
        "codigo": "008408",
        "nombre": "SANTA ANA"
      },
      "geometry": {
        "type": "Point",
        "coordinates": [
          -74.03005652591833,
          4.686700631769969
        ]
      }
    },
    {
      "type": "Feature",
      "properties": {
        "id": 348,
        "codigo": "006207",
        "nombre": "BATALLON CALDAS"
      },
      "geometry": {
        "type": "Point",
        "coordinates": [
          -74.10306108105836,
          4.629938206556016
        ]
      }
    },
    {
      "type": "Feature",
      "properties": {
        "id": 349,
        "codigo": "009259",
        "nombre": "BERLIN"
      },
      "geometry": {
        "type": "Point",
        "coordinates": [
          -74.11724742949234,
          4.7471510418589515
        ]
      }
    },
    {
      "type": "Feature",
      "properties": {
        "id": 350,
        "codigo": "006411",
        "nombre": "CHARCO URBANO"
      },
      "geometry": {
        "type": "Point",
        "coordinates": [
          -74.16892830123643,
          4.697198084068037
        ]
      }
    },
    {
      "type": "Feature",
      "properties": {
        "id": 351,
        "codigo": "109110",
        "nombre": "CONCEPCION"
      },
      "geometry": {
        "type": "Point",
        "coordinates": [
          -74.3418987134678,
          3.919775098647077
        ]
      }
    },
    {
      "type": "Feature",
      "properties": {
        "id": 352,
        "codigo": "006205",
        "nombre": "INDUSTRIAL CENTENARIO"
      },
      "geometry": {
        "type": "Point",
        "coordinates": [
          -74.09599929110752,
          4.62436100630421
        ]
      }
    },
    {
      "type": "Feature",
      "properties": {
        "id": 353,
        "codigo": "004604",
        "nombre": "BRASILIA"
      },
      "geometry": {
        "type": "Point",
        "coordinates": [
          -74.1820013167342,
          4.628597597522899
        ]
      }
    },
    {
      "type": "Feature",
      "properties": {
        "id": 354,
        "codigo": "005635",
        "nombre": "EL MADRIGAL"
      },
      "geometry": {
        "type": "Point",
        "coordinates": [
          -74.1129490105412,
          4.707621956514862
        ]
      }
    },
    {
      "type": "Feature",
      "properties": {
        "id": 355,
        "codigo": "004584",
        "nombre": "SANTA CATALINA"
      },
      "geometry": {
        "type": "Point",
        "coordinates": [
          -74.15238083930375,
          4.605409115284437
        ]
      }
    },
    {
      "type": "Feature",
      "properties": {
        "id": 356,
        "codigo": "002311",
        "nombre": "VILLA MAYOR"
      },
      "geometry": {
        "type": "Point",
        "coordinates": [
          -74.12657629090145,
          4.589539330580764
        ]
      }
    },
    {
      "type": "Feature",
      "properties": {
        "id": 357,
        "codigo": "102913",
        "nombre": "LA REQUILINA RURAL III"
      },
      "geometry": {
        "type": "Point",
        "coordinates": [
          -74.1196599230959,
          4.47834824844724
        ]
      }
    },
    {
      "type": "Feature",
      "properties": {
        "id": 358,
        "codigo": "001344",
        "nombre": "LOS SOCHES"
      },
      "geometry": {
        "type": "Point",
        "coordinates": [
          -74.08868641235534,
          4.4998158453607875
        ]
      }
    },
    {
      "type": "Feature",
      "properties": {
        "id": 359,
        "codigo": "009111",
        "nombre": "MONACO"
      },
      "geometry": {
        "type": "Point",
        "coordinates": [
          -74.0617759813573,
          4.701024276781943
        ]
      }
    },
    {
      "type": "Feature",
      "properties": {
        "id": 360,
        "codigo": "002542",
        "nombre": "SERRANIAS"
      },
      "geometry": {
        "type": "Point",
        "coordinates": [
          -74.11377562482342,
          4.4993626673744584
        ]
      }
    },
    {
      "type": "Feature",
      "properties": {
        "id": 361,
        "codigo": "002604",
        "nombre": "LOS OLIVARES"
      },
      "geometry": {
        "type": "Point",
        "coordinates": [
          -74.10512092331362,
          4.5152779330752235
        ]
      }
    },
    {
      "type": "Feature",
      "properties": {
        "id": 362,
        "codigo": "008412",
        "nombre": "SANTA BIBIANA"
      },
      "geometry": {
        "type": "Point",
        "coordinates": [
          -74.0519370796563,
          4.689498892327802
        ]
      }
    },
    {
      "type": "Feature",
      "properties": {
        "id": 363,
        "codigo": "001339",
        "nombre": "BOSQUE DE LOS ALPES"
      },
      "geometry": {
        "type": "Point",
        "coordinates": [
          -74.08271821223012,
          4.549208721865435
        ]
      }
    },
    {
      "type": "Feature",
      "properties": {
        "id": 364,
        "codigo": "008307",
        "nombre": "CHICO NORTE"
      },
      "geometry": {
        "type": "Point",
        "coordinates": [
          -74.04865548698527,
          4.676878042389724
        ]
      }
    },
    {
      "type": "Feature",
      "properties": {
        "id": 365,
        "codigo": "001425",
        "nombre": "GRANJAS DE SANTA SOFIA"
      },
      "geometry": {
        "type": "Point",
        "coordinates": [
          -74.11200717024536,
          4.570716601821231
        ]
      }
    },
    {
      "type": "Feature",
      "properties": {
        "id": 366,
        "codigo": "109114",
        "nombre": "TUNAL BAJO"
      },
      "geometry": {
        "type": "Point",
        "coordinates": [
          -74.35153549174417,
          3.973745650700269
        ]
      }
    },
    {
      "type": "Feature",
      "properties": {
        "id": 367,
        "codigo": "006409",
        "nombre": "BELEN FONTIBON"
      },
      "geometry": {
        "type": "Point",
        "coordinates": [
          -74.14979612470489,
          4.6819984610409735
        ]
      }
    },
    {
      "type": "Feature",
      "properties": {
        "id": 368,
        "codigo": "004599",
        "nombre": "VILLA ANNY II"
      },
      "geometry": {
        "type": "Point",
        "coordinates": [
          -74.19911999793347,
          4.6012043956726805
        ]
      }
    },
    {
      "type": "Feature",
      "properties": {
        "id": 369,
        "codigo": "004605",
        "nombre": "CHICALA"
      },
      "geometry": {
        "type": "Point",
        "coordinates": [
          -74.18106084132701,
          4.624727240696019
        ]
      }
    },
    {
      "type": "Feature",
      "properties": {
        "id": 370,
        "codigo": "004570",
        "nombre": "ANTONIA SANTOS"
      },
      "geometry": {
        "type": "Point",
        "coordinates": [
          -74.18848546251286,
          4.611397948382227
        ]
      }
    },
    {
      "type": "Feature",
      "properties": {
        "id": 371,
        "codigo": "004643",
        "nombre": "EL CORZO I"
      },
      "geometry": {
        "type": "Point",
        "coordinates": [
          -74.19327065063212,
          4.643501052696991
        ]
      }
    },
    {
      "type": "Feature",
      "properties": {
        "id": 372,
        "codigo": "004537",
        "nombre": "CASABLANCA"
      },
      "geometry": {
        "type": "Point",
        "coordinates": [
          -74.1708190713409,
          4.615610885708495
        ]
      }
    },
    {
      "type": "Feature",
      "properties": {
        "id": 373,
        "codigo": "002570",
        "nombre": "EL MIRADOR"
      },
      "geometry": {
        "type": "Point",
        "coordinates": [
          -74.15634950283972,
          4.553550560081588
        ]
      }
    },
    {
      "type": "Feature",
      "properties": {
        "id": 374,
        "codigo": "004518",
        "nombre": "TIMIZA A"
      },
      "geometry": {
        "type": "Point",
        "coordinates": [
          -74.15267304064982,
          4.609471358328551
        ]
      }
    },
    {
      "type": "Feature",
      "properties": {
        "id": 375,
        "codigo": "005614",
        "nombre": "VILLA LUZ"
      },
      "geometry": {
        "type": "Point",
        "coordinates": [
          -74.10814900556362,
          4.684327026896782
        ]
      }
    },
    {
      "type": "Feature",
      "properties": {
        "id": 376,
        "codigo": "005654",
        "nombre": "GRAN GRANADA"
      },
      "geometry": {
        "type": "Point",
        "coordinates": [
          -74.12510037482383,
          4.719875707463816
        ]
      }
    },
    {
      "type": "Feature",
      "properties": {
        "id": 377,
        "codigo": "006405",
        "nombre": "FERROCAJA FONTIBON"
      },
      "geometry": {
        "type": "Point",
        "coordinates": [
          -74.13146476797398,
          4.67266602542161
        ]
      }
    },
    {
      "type": "Feature",
      "properties": {
        "id": 378,
        "codigo": "006520",
        "nombre": "ZONA FRANCA"
      },
      "geometry": {
        "type": "Point",
        "coordinates": [
          -74.15908944185342,
          4.673040318239
        ]
      }
    },
    {
      "type": "Feature",
      "properties": {
        "id": 379,
        "codigo": "005404",
        "nombre": "LAS FERIAS"
      },
      "geometry": {
        "type": "Point",
        "coordinates": [
          -74.08462655609246,
          4.683440298951422
        ]
      }
    },
    {
      "type": "Feature",
      "properties": {
        "id": 380,
        "codigo": "008111",
        "nombre": "CATALUNA"
      },
      "geometry": {
        "type": "Point",
        "coordinates": [
          -74.06321897994052,
          4.6282396845251785
        ]
      }
    },
    {
      "type": "Feature",
      "properties": {
        "id": 381,
        "codigo": "004567",
        "nombre": "VILLAS DEL PROGRESO"
      },
      "geometry": {
        "type": "Point",
        "coordinates": [
          -74.20170403752482,
          4.624292957729435
        ]
      }
    },
    {
      "type": "Feature",
      "properties": {
        "id": 382,
        "codigo": "004535",
        "nombre": "CLASS"
      },
      "geometry": {
        "type": "Point",
        "coordinates": [
          -74.1782894840789,
          4.61413354531429
        ]
      }
    },
    {
      "type": "Feature",
      "properties": {
        "id": 383,
        "codigo": "002430",
        "nombre": "LAS BRISAS"
      },
      "geometry": {
        "type": "Point",
        "coordinates": [
          -74.16593699920249,
          4.5709704644723965
        ]
      }
    },
    {
      "type": "Feature",
      "properties": {
        "id": 384,
        "codigo": "008405",
        "nombre": "GINEBRA"
      },
      "geometry": {
        "type": "Point",
        "coordinates": [
          -74.02675590849219,
          4.710346322574735
        ]
      }
    },
    {
      "type": "Feature",
      "properties": {
        "id": 385,
        "codigo": "109116",
        "nombre": "NUEVA GRANADA"
      },
      "geometry": {
        "type": "Point",
        "coordinates": [
          -74.34755768207938,
          3.8820413435872645
        ]
      }
    },
    {
      "type": "Feature",
      "properties": {
        "id": 386,
        "codigo": "006511",
        "nombre": "LA PAMPA"
      },
      "geometry": {
        "type": "Point",
        "coordinates": [
          -74.13880742036812,
          4.6520631321081565
        ]
      }
    },
    {
      "type": "Feature",
      "properties": {
        "id": 387,
        "codigo": "002617",
        "nombre": "EL REFUGIO I"
      },
      "geometry": {
        "type": "Point",
        "coordinates": [
          -74.09818688950293,
          4.488663461045366
        ]
      }
    },
    {
      "type": "Feature",
      "properties": {
        "id": 388,
        "codigo": "002442",
        "nombre": "SANTA VIVIANA"
      },
      "geometry": {
        "type": "Point",
        "coordinates": [
          -74.17418923300397,
          4.576901967242159
        ]
      }
    },
    {
      "type": "Feature",
      "properties": {
        "id": 389,
        "codigo": "004317",
        "nombre": "LA CAMELIA II"
      },
      "geometry": {
        "type": "Point",
        "coordinates": [
          -74.11860168505378,
          4.614131831013624
        ]
      }
    },
    {
      "type": "Feature",
      "properties": {
        "id": 390,
        "codigo": "005206",
        "nombre": "LA LIBERTAD"
      },
      "geometry": {
        "type": "Point",
        "coordinates": [
          -74.07726329818037,
          4.676249254944314
        ]
      }
    },
    {
      "type": "Feature",
      "properties": {
        "id": 391,
        "codigo": "102412",
        "nombre": "TOCAIMITA SUR"
      },
      "geometry": {
        "type": "Point",
        "coordinates": [
          -74.09104660527231,
          4.496142638775449
        ]
      }
    },
    {
      "type": "Feature",
      "properties": {
        "id": 392,
        "codigo": "004204",
        "nombre": "MONTES"
      },
      "geometry": {
        "type": "Point",
        "coordinates": [
          -74.11483844640388,
          4.610239253345967
        ]
      }
    },
    {
      "type": "Feature",
      "properties": {
        "id": 393,
        "codigo": "008302",
        "nombre": "SEMINARIO"
      },
      "geometry": {
        "type": "Point",
        "coordinates": [
          -74.03882850220656,
          4.67506937097603
        ]
      }
    },
    {
      "type": "Feature",
      "properties": {
        "id": 394,
        "codigo": "005668",
        "nombre": "VILLAS DE ALCALA"
      },
      "geometry": {
        "type": "Point",
        "coordinates": [
          -74.13034369258023,
          4.71722863380843
        ]
      }
    },
    {
      "type": "Feature",
      "properties": {
        "id": 395,
        "codigo": "001107",
        "nombre": "LAS MERCEDES"
      },
      "geometry": {
        "type": "Point",
        "coordinates": [
          -74.08060206205974,
          4.566895334871774
        ]
      }
    },
    {
      "type": "Feature",
      "properties": {
        "id": 396,
        "codigo": "002580",
        "nombre": "BELLA FLOR"
      },
      "geometry": {
        "type": "Point",
        "coordinates": [
          -74.16094266462046,
          4.54537771268212
        ]
      }
    },
    {
      "type": "Feature",
      "properties": {
        "id": 397,
        "codigo": "004525",
        "nombre": "PASTRANA"
      },
      "geometry": {
        "type": "Point",
        "coordinates": [
          -74.16641985404452,
          4.617058762882381
        ]
      }
    },
    {
      "type": "Feature",
      "properties": {
        "id": 398,
        "codigo": "005506",
        "nombre": "JARDIN BOTANICO"
      },
      "geometry": {
        "type": "Point",
        "coordinates": [
          -74.10187216792532,
          4.663002388370005
        ]
      }
    },
    {
      "type": "Feature",
      "properties": {
        "id": 399,
        "codigo": "005680",
        "nombre": "VILLA DEL MAR"
      },
      "geometry": {
        "type": "Point",
        "coordinates": [
          -74.12250318109288,
          4.700508949320187
        ]
      }
    },
    {
      "type": "Feature",
      "properties": {
        "id": 400,
        "codigo": "004506",
        "nombre": "LA CAMPINA"
      },
      "geometry": {
        "type": "Point",
        "coordinates": [
          -74.14488055998244,
          4.607324813352912
        ]
      }
    },
    {
      "type": "Feature",
      "properties": {
        "id": 401,
        "codigo": "007206",
        "nombre": "BELALCAZAR"
      },
      "geometry": {
        "type": "Point",
        "coordinates": [
          -74.07796231727936,
          4.638235086467622
        ]
      }
    },
    {
      "type": "Feature",
      "properties": {
        "id": 402,
        "codigo": "002204",
        "nombre": "QUIROGA SUR"
      },
      "geometry": {
        "type": "Point",
        "coordinates": [
          -74.12039122672039,
          4.578425161672713
        ]
      }
    },
    {
      "type": "Feature",
      "properties": {
        "id": 403,
        "codigo": "008305",
        "nombre": "BELLAVISTA"
      },
      "geometry": {
        "type": "Point",
        "coordinates": [
          -74.05130338396484,
          4.655283551442161
        ]
      }
    },
    {
      "type": "Feature",
      "properties": {
        "id": 404,
        "codigo": "208125",
        "nombre": "SAN LUIS ALTOS DEL CABO RURAL II"
      },
      "geometry": {
        "type": "Point",
        "coordinates": [
          -74.02255558725983,
          4.66994644128525
        ]
      }
    },
    {
      "type": "Feature",
      "properties": {
        "id": 405,
        "codigo": "202203",
        "nombre": "BOLONIA I"
      },
      "geometry": {
        "type": "Point",
        "coordinates": [
          -74.09529764505162,
          4.509318899760552
        ]
      }
    },
    {
      "type": "Feature",
      "properties": {
        "id": 406,
        "codigo": "004516",
        "nombre": "BOITA"
      },
      "geometry": {
        "type": "Point",
        "coordinates": [
          -74.15451187423149,
          4.603580847516784
        ]
      }
    },
    {
      "type": "Feature",
      "properties": {
        "id": 407,
        "codigo": "005106",
        "nombre": "NICOLAS DE FEDERMAN"
      },
      "geometry": {
        "type": "Point",
        "coordinates": [
          -74.08240282316459,
          4.647581188686391
        ]
      }
    },
    {
      "type": "Feature",
      "properties": {
        "id": 408,
        "codigo": "002444",
        "nombre": "SIERRA MORENA II"
      },
      "geometry": {
        "type": "Point",
        "coordinates": [
          -74.16751404126978,
          4.576481282474367
        ]
      }
    },
    {
      "type": "Feature",
      "properties": {
        "id": 409,
        "codigo": "001353",
        "nombre": "LAS GUACAMAYAS IV"
      },
      "geometry": {
        "type": "Point",
        "coordinates": [
          -74.10064847811871,
          4.55666152204762
        ]
      }
    },
    {
      "type": "Feature",
      "properties": {
        "id": 410,
        "codigo": "002610",
        "nombre": "CHAPINERITO"
      },
      "geometry": {
        "type": "Point",
        "coordinates": [
          -74.10368496352542,
          4.5040871785412815
        ]
      }
    },
    {
      "type": "Feature",
      "properties": {
        "id": 411,
        "codigo": "008315",
        "nombre": "CHICO NORTE III SECTOR"
      },
      "geometry": {
        "type": "Point",
        "coordinates": [
          -74.05359412032651,
          4.6833618141907385
        ]
      }
    },
    {
      "type": "Feature",
      "properties": {
        "id": 412,
        "codigo": "008104",
        "nombre": "LA PERSEVERANCIA"
      },
      "geometry": {
        "type": "Point",
        "coordinates": [
          -74.06442003665475,
          4.6176085730869785
        ]
      }
    },
    {
      "type": "Feature",
      "properties": {
        "id": 413,
        "codigo": "005504",
        "nombre": "LA ESTRADITA"
      },
      "geometry": {
        "type": "Point",
        "coordinates": [
          -74.09246124354583,
          4.6724771267689
        ]
      }
    },
    {
      "type": "Feature",
      "properties": {
        "id": 414,
        "codigo": "005632",
        "nombre": "BOCHICA"
      },
      "geometry": {
        "type": "Point",
        "coordinates": [
          -74.10666265367425,
          4.7113493603787795
        ]
      }
    },
    {
      "type": "Feature",
      "properties": {
        "id": 415,
        "codigo": "002415",
        "nombre": "MADELENA"
      },
      "geometry": {
        "type": "Point",
        "coordinates": [
          -74.15722597680553,
          4.59178623152513
        ]
      }
    },
    {
      "type": "Feature",
      "properties": {
        "id": 416,
        "codigo": "004101",
        "nombre": "RICAURTE"
      },
      "geometry": {
        "type": "Point",
        "coordinates": [
          -74.09286250162991,
          4.608554600156717
        ]
      }
    },
    {
      "type": "Feature",
      "properties": {
        "id": 417,
        "codigo": "002526",
        "nombre": "SANTA LIBRADA"
      },
      "geometry": {
        "type": "Point",
        "coordinates": [
          -74.11906248805222,
          4.516821333301727
        ]
      }
    },
    {
      "type": "Feature",
      "properties": {
        "id": 418,
        "codigo": "002572",
        "nombre": "SALAZAR USME"
      },
      "geometry": {
        "type": "Point",
        "coordinates": [
          -74.11380064179694,
          4.518387938949842
        ]
      }
    },
    {
      "type": "Feature",
      "properties": {
        "id": 419,
        "codigo": "009123",
        "nombre": "NIZA NORTE"
      },
      "geometry": {
        "type": "Point",
        "coordinates": [
          -74.07534649798899,
          4.713799020432169
        ]
      }
    },
    {
      "type": "Feature",
      "properties": {
        "id": 420,
        "codigo": "205402",
        "nombre": "EL CHARCO"
      },
      "geometry": {
        "type": "Point",
        "coordinates": [
          -74.1702349699124,
          4.696185718309325
        ]
      }
    },
    {
      "type": "Feature",
      "properties": {
        "id": 421,
        "codigo": "009206",
        "nombre": "AURES II"
      },
      "geometry": {
        "type": "Point",
        "coordinates": [
          -74.1022653461065,
          4.733997483281585
        ]
      }
    },
    {
      "type": "Feature",
      "properties": {
        "id": 422,
        "codigo": "002550",
        "nombre": "DUITAMA"
      },
      "geometry": {
        "type": "Point",
        "coordinates": [
          -74.11398728389426,
          4.527362203391741
        ]
      }
    },
    {
      "type": "Feature",
      "properties": {
        "id": 423,
        "codigo": "004203",
        "nombre": "LA ASUNCION"
      },
      "geometry": {
        "type": "Point",
        "coordinates": [
          -74.10455735470225,
          4.602890103902998
        ]
      }
    },
    {
      "type": "Feature",
      "properties": {
        "id": 424,
        "codigo": "004641",
        "nombre": "LA INDEPENDENCIA"
      },
      "geometry": {
        "type": "Point",
        "coordinates": [
          -74.19617887132748,
          4.620670548774951
        ]
      }
    },
    {
      "type": "Feature",
      "properties": {
        "id": 425,
        "codigo": "004529",
        "nombre": "CEMENTERIO JARDINES APOGEO"
      },
      "geometry": {
        "type": "Point",
        "coordinates": [
          -74.17194397635133,
          4.60041765041678
        ]
      }
    },
    {
      "type": "Feature",
      "properties": {
        "id": 426,
        "codigo": "007407",
        "nombre": "LA AURORA"
      },
      "geometry": {
        "type": "Point",
        "coordinates": [
          -74.0673834188318,
          4.666997370969853
        ]
      }
    },
    {
      "type": "Feature",
      "properties": {
        "id": 427,
        "codigo": "004530",
        "nombre": "TIMIZA B"
      },
      "geometry": {
        "type": "Point",
        "coordinates": [
          -74.15804648554325,
          4.611142420322596
        ]
      }
    },
    {
      "type": "Feature",
      "properties": {
        "id": 428,
        "codigo": "202601",
        "nombre": "CENTRO USME"
      },
      "geometry": {
        "type": "Point",
        "coordinates": [
          -74.12820188177116,
          4.469692341284677
        ]
      }
    },
    {
      "type": "Feature",
      "properties": {
        "id": 429,
        "codigo": "002590",
        "nombre": "LA FISCALA"
      },
      "geometry": {
        "type": "Point",
        "coordinates": [
          -74.11088771649527,
          4.532303826137434
        ]
      }
    },
    {
      "type": "Feature",
      "properties": {
        "id": 430,
        "codigo": "002512",
        "nombre": "AREA ARTILLERIA"
      },
      "geometry": {
        "type": "Point",
        "coordinates": [
          -74.1269841480584,
          4.552177750459589
        ]
      }
    },
    {
      "type": "Feature",
      "properties": {
        "id": 431,
        "codigo": "005403",
        "nombre": "JULIO FLOREZ"
      },
      "geometry": {
        "type": "Point",
        "coordinates": [
          -74.07526037469113,
          4.690782628068345
        ]
      }
    },
    {
      "type": "Feature",
      "properties": {
        "id": 432,
        "codigo": "003205",
        "nombre": "EL GUAVIO"
      },
      "geometry": {
        "type": "Point",
        "coordinates": [
          -74.0701970022968,
          4.589095947075587
        ]
      }
    },
    {
      "type": "Feature",
      "properties": {
        "id": 433,
        "codigo": "001342",
        "nombre": "ALTOS DEL ZIPA"
      },
      "geometry": {
        "type": "Point",
        "coordinates": [
          -74.07920241338361,
          4.5489144245996345
        ]
      }
    },
    {
      "type": "Feature",
      "properties": {
        "id": 434,
        "codigo": "008539",
        "nombre": "TORCA I"
      },
      "geometry": {
        "type": "Point",
        "coordinates": [
          -74.03527109217876,
          4.800329848176339
        ]
      }
    },
    {
      "type": "Feature",
      "properties": {
        "id": 435,
        "codigo": "002106",
        "nombre": "SENA"
      },
      "geometry": {
        "type": "Point",
        "coordinates": [
          -74.11067039394277,
          4.596571775054829
        ]
      }
    },
    {
      "type": "Feature",
      "properties": {
        "id": 436,
        "codigo": "201302",
        "nombre": "EL TRIANGULO"
      },
      "geometry": {
        "type": "Point",
        "coordinates": [
          -74.07606499262191,
          4.5643462351333275
        ]
      }
    },
    {
      "type": "Feature",
      "properties": {
        "id": 437,
        "codigo": "002427",
        "nombre": "GALICIA"
      },
      "geometry": {
        "type": "Point",
        "coordinates": [
          -74.17066392649079,
          4.5907478446900445
        ]
      }
    },
    {
      "type": "Feature",
      "properties": {
        "id": 438,
        "codigo": "005666",
        "nombre": "LA FAENA"
      },
      "geometry": {
        "type": "Point",
        "coordinates": [
          -74.13537664857746,
          4.716798054799146
        ]
      }
    },
    {
      "type": "Feature",
      "properties": {
        "id": 439,
        "codigo": "005669",
        "nombre": "EL GACO"
      },
      "geometry": {
        "type": "Point",
        "coordinates": [
          -74.14016313142055,
          4.723600426718248
        ]
      }
    },
    {
      "type": "Feature",
      "properties": {
        "id": 440,
        "codigo": "008303",
        "nombre": "EL REFUGIO"
      },
      "geometry": {
        "type": "Point",
        "coordinates": [
          -74.04366334619888,
          4.668109532876714
        ]
      }
    },
    {
      "type": "Feature",
      "properties": {
        "id": 442,
        "codigo": "009115",
        "nombre": "IBERIA"
      },
      "geometry": {
        "type": "Point",
        "coordinates": [
          -74.06990544260988,
          4.727548930867475
        ]
      }
    },
    {
      "type": "Feature",
      "properties": {
        "id": 443,
        "codigo": "006527",
        "nombre": "INTERINDUSTRIAL"
      },
      "geometry": {
        "type": "Point",
        "coordinates": [
          -74.13082908223957,
          4.651324347002522
        ]
      }
    },
    {
      "type": "Feature",
      "properties": {
        "id": 444,
        "codigo": "009109",
        "nombre": "NIZA SUR"
      },
      "geometry": {
        "type": "Point",
        "coordinates": [
          -74.07593035328988,
          4.706255226970073
        ]
      }
    },
    {
      "type": "Feature",
      "properties": {
        "id": 445,
        "codigo": "205227",
        "nombre": "OSORIO IV"
      },
      "geometry": {
        "type": "Point",
        "coordinates": [
          -74.17155640040772,
          4.655153341688037
        ]
      }
    },
    {
      "type": "Feature",
      "properties": {
        "id": 446,
        "codigo": "004309",
        "nombre": "LA CAMELIA"
      },
      "geometry": {
        "type": "Point",
        "coordinates": [
          -74.11846884144998,
          4.611157575195714
        ]
      }
    },
    {
      "type": "Feature",
      "properties": {
        "id": 447,
        "codigo": "208126",
        "nombre": "SAN ISIDRO RURAL II"
      },
      "geometry": {
        "type": "Point",
        "coordinates": [
          -74.0173192917262,
          4.6660766413364145
        ]
      }
    },
    {
      "type": "Feature",
      "properties": {
        "id": 448,
        "codigo": "004522",
        "nombre": "BOSA"
      },
      "geometry": {
        "type": "Point",
        "coordinates": [
          -74.18269094185827,
          4.6100147730070935
        ]
      }
    },
    {
      "type": "Feature",
      "properties": {
        "id": 449,
        "codigo": "102112",
        "nombre": "EL HATO"
      },
      "geometry": {
        "type": "Point",
        "coordinates": [
          -74.16911390467868,
          4.377534519358455
        ]
      }
    },
    {
      "type": "Feature",
      "properties": {
        "id": 450,
        "codigo": "008536",
        "nombre": "BOSQUE DE PINOS I"
      },
      "geometry": {
        "type": "Point",
        "coordinates": [
          -74.02528989940369,
          4.718194881077776
        ]
      }
    },
    {
      "type": "Feature",
      "properties": {
        "id": 451,
        "codigo": "002527",
        "nombre": "LA CABANA"
      },
      "geometry": {
        "type": "Point",
        "coordinates": [
          -74.10796495992489,
          4.5117766321275035
        ]
      }
    },
    {
      "type": "Feature",
      "properties": {
        "id": 452,
        "codigo": "002612",
        "nombre": "LA COMUNA"
      },
      "geometry": {
        "type": "Point",
        "coordinates": [
          -74.10103824718205,
          4.500356227577346
        ]
      }
    },
    {
      "type": "Feature",
      "properties": {
        "id": 453,
        "codigo": "005305",
        "nombre": "LA PATRIA"
      },
      "geometry": {
        "type": "Point",
        "coordinates": [
          -74.06496816550163,
          4.676709683924747
        ]
      }
    },
    {
      "type": "Feature",
      "properties": {
        "id": 454,
        "codigo": "007402",
        "nombre": "JUAN XXIII"
      },
      "geometry": {
        "type": "Point",
        "coordinates": [
          -74.06361263668578,
          4.66729785737382
        ]
      }
    },
    {
      "type": "Feature",
      "properties": {
        "id": 455,
        "codigo": "001311",
        "nombre": "LA GLORIA OCCIDENTAL"
      },
      "geometry": {
        "type": "Point",
        "coordinates": [
          -74.09655969404699,
          4.548070185869357
        ]
      }
    },
    {
      "type": "Feature",
      "properties": {
        "id": 456,
        "codigo": "009231",
        "nombre": "SUBA CERROS"
      },
      "geometry": {
        "type": "Point",
        "coordinates": [
          -74.07671269208863,
          4.74325770214792
        ]
      }
    },
    {
      "type": "Feature",
      "properties": {
        "id": 457,
        "codigo": "102309",
        "nombre": "EL BOSQUE SUR ORIENTAL"
      },
      "geometry": {
        "type": "Point",
        "coordinates": [
          -74.07894641901913,
          4.476405399200502
        ]
      }
    },
    {
      "type": "Feature",
      "properties": {
        "id": 458,
        "codigo": "008103",
        "nombre": "LA MERCED"
      },
      "geometry": {
        "type": "Point",
        "coordinates": [
          -74.06595635315661,
          4.620961808990878
        ]
      }
    },
    {
      "type": "Feature",
      "properties": {
        "id": 459,
        "codigo": "006503",
        "nombre": "VISION DE ORIENTE"
      },
      "geometry": {
        "type": "Point",
        "coordinates": [
          -74.13460202676848,
          4.65100200483342
        ]
      }
    },
    {
      "type": "Feature",
      "properties": {
        "id": 460,
        "codigo": "008516",
        "nombre": "LAS ORQUIDEAS"
      },
      "geometry": {
        "type": "Point",
        "coordinates": [
          -74.04239803023717,
          4.74242655731422
        ]
      }
    },
    {
      "type": "Feature",
      "properties": {
        "id": 461,
        "codigo": "001304",
        "nombre": "BELLO HORIZONTE"
      },
      "geometry": {
        "type": "Point",
        "coordinates": [
          -74.09324355465995,
          4.561701610149569
        ]
      }
    },
    {
      "type": "Feature",
      "properties": {
        "id": 462,
        "codigo": "001106",
        "nombre": "SAN BLAS"
      },
      "geometry": {
        "type": "Point",
        "coordinates": [
          -74.083629218508,
          4.567949874127861
        ]
      }
    },
    {
      "type": "Feature",
      "properties": {
        "id": 463,
        "codigo": "005636",
        "nombre": "ENGATIVA ZONA URBANA"
      },
      "geometry": {
        "type": "Point",
        "coordinates": [
          -74.14043754705791,
          4.714213247143383
        ]
      }
    },
    {
      "type": "Feature",
      "properties": {
        "id": 464,
        "codigo": "006303",
        "nombre": "LA ESPERANZA NORTE"
      },
      "geometry": {
        "type": "Point",
        "coordinates": [
          -74.11119066844101,
          4.660034676123024
        ]
      }
    },
    {
      "type": "Feature",
      "properties": {
        "id": 465,
        "codigo": "002560",
        "nombre": "BELLAVISTA LUCERO ALTO"
      },
      "geometry": {
        "type": "Point",
        "coordinates": [
          -74.14572870286565,
          4.548436146954302
        ]
      }
    },
    {
      "type": "Feature",
      "properties": {
        "id": 466,
        "codigo": "003209",
        "nombre": "EL DORADO"
      },
      "geometry": {
        "type": "Point",
        "coordinates": [
          -74.07306026007524,
          4.5798134301830755
        ]
      }
    },
    {
      "type": "Feature",
      "properties": {
        "id": 467,
        "codigo": "008220",
        "nombre": "SIBERIA CENTRAL"
      },
      "geometry": {
        "type": "Point",
        "coordinates": [
          -74.05880087419278,
          4.633055775872399
        ]
      }
    },
    {
      "type": "Feature",
      "properties": {
        "id": 468,
        "codigo": "004402",
        "nombre": "REMANSO"
      },
      "geometry": {
        "type": "Point",
        "coordinates": [
          -74.11388790289855,
          4.60234391500855
        ]
      }
    },
    {
      "type": "Feature",
      "properties": {
        "id": 469,
        "codigo": "001434",
        "nombre": "CARMEN DEL SOL"
      },
      "geometry": {
        "type": "Point",
        "coordinates": [
          -74.11302270715382,
          4.563878882386645
        ]
      }
    },
    {
      "type": "Feature",
      "properties": {
        "id": 470,
        "codigo": "205308",
        "nombre": "CANAVERALEJO RURAL"
      },
      "geometry": {
        "type": "Point",
        "coordinates": [
          -74.20195748855322,
          4.643346678132782
        ]
      }
    },
    {
      "type": "Feature",
      "properties": {
        "id": 471,
        "codigo": "006420",
        "nombre": "LA GIRALDA"
      },
      "geometry": {
        "type": "Point",
        "coordinates": [
          -74.1412592798044,
          4.678867128371919
        ]
      }
    },
    {
      "type": "Feature",
      "properties": {
        "id": 472,
        "codigo": "002547",
        "nombre": "EL TESORO"
      },
      "geometry": {
        "type": "Point",
        "coordinates": [
          -74.1489425642779,
          4.536667119709885
        ]
      }
    },
    {
      "type": "Feature",
      "properties": {
        "id": 473,
        "codigo": "002506",
        "nombre": "GRAN YOMASA"
      },
      "geometry": {
        "type": "Point",
        "coordinates": [
          -74.11064506067184,
          4.50816626802053
        ]
      }
    },
    {
      "type": "Feature",
      "properties": {
        "id": 474,
        "codigo": "008538",
        "nombre": "BOSQUE DE PINOS III"
      },
      "geometry": {
        "type": "Point",
        "coordinates": [
          -74.02279525485338,
          4.726925230757804
        ]
      }
    },
    {
      "type": "Feature",
      "properties": {
        "id": 475,
        "codigo": "005683",
        "nombre": "QUIRIGUA I"
      },
      "geometry": {
        "type": "Point",
        "coordinates": [
          -74.10068578360081,
          4.7119383754923465
        ]
      }
    },
    {
      "type": "Feature",
      "properties": {
        "id": 476,
        "codigo": "009215",
        "nombre": "CASABLANCA SUBA"
      },
      "geometry": {
        "type": "Point",
        "coordinates": [
          -74.06911805774597,
          4.752490875433969
        ]
      }
    },
    {
      "type": "Feature",
      "properties": {
        "id": 477,
        "codigo": "009122",
        "nombre": "LAS VILLAS"
      },
      "geometry": {
        "type": "Point",
        "coordinates": [
          -74.07164856536532,
          4.715985095843073
        ]
      }
    },
    {
      "type": "Feature",
      "properties": {
        "id": 478,
        "codigo": "106303",
        "nombre": "EL DORADO RURAL"
      },
      "geometry": {
        "type": "Point",
        "coordinates": [
          -74.12647467823564,
          4.731853045371361
        ]
      }
    },
    {
      "type": "Feature",
      "properties": {
        "id": 479,
        "codigo": "004615",
        "nombre": "OSORIO XII"
      },
      "geometry": {
        "type": "Point",
        "coordinates": [
          -74.18070810223666,
          4.642141990958664
        ]
      }
    },
    {
      "type": "Feature",
      "properties": {
        "id": 480,
        "codigo": "107904",
        "nombre": "BILBAO RURAL"
      },
      "geometry": {
        "type": "Point",
        "coordinates": [
          -74.12193692266061,
          4.749962963526389
        ]
      }
    },
    {
      "type": "Feature",
      "properties": {
        "id": 482,
        "codigo": "005664",
        "nombre": "EL DORADO"
      },
      "geometry": {
        "type": "Point",
        "coordinates": [
          -74.12214500227964,
          4.735339930346149
        ]
      }
    },
    {
      "type": "Feature",
      "properties": {
        "id": 483,
        "codigo": "004557",
        "nombre": "GRAN BRITALIA"
      },
      "geometry": {
        "type": "Point",
        "coordinates": [
          -74.17635794353887,
          4.618338333911812
        ]
      }
    },
    {
      "type": "Feature",
      "properties": {
        "id": 484,
        "codigo": "008313",
        "nombre": "LAGO GAITAN"
      },
      "geometry": {
        "type": "Point",
        "coordinates": [
          -74.05874932472395,
          4.666021723614198
        ]
      }
    },
    {
      "type": "Feature",
      "properties": {
        "id": 485,
        "codigo": "109113",
        "nombre": "LAGUNITAS"
      },
      "geometry": {
        "type": "Point",
        "coordinates": [
          -74.29783953626705,
          3.9656641961707177
        ]
      }
    },
    {
      "type": "Feature",
      "properties": {
        "id": 486,
        "codigo": "004548",
        "nombre": "TECHO"
      },
      "geometry": {
        "type": "Point",
        "coordinates": [
          -74.14743068713747,
          4.626890576161893
        ]
      }
    },
    {
      "type": "Feature",
      "properties": {
        "id": 487,
        "codigo": "001407",
        "nombre": "SURAMERICA"
      },
      "geometry": {
        "type": "Point",
        "coordinates": [
          -74.095800390336,
          4.565889630877479
        ]
      }
    },
    {
      "type": "Feature",
      "properties": {
        "id": 488,
        "codigo": "006408",
        "nombre": "EL CARMEN FONTIBON"
      },
      "geometry": {
        "type": "Point",
        "coordinates": [
          -74.15064217446043,
          4.675585881870953
        ]
      }
    },
    {
      "type": "Feature",
      "properties": {
        "id": 489,
        "codigo": "004303",
        "nombre": "BARCELONA"
      },
      "geometry": {
        "type": "Point",
        "coordinates": [
          -74.11499359423568,
          4.618249105287332
        ]
      }
    },
    {
      "type": "Feature",
      "properties": {
        "id": 490,
        "codigo": "004407",
        "nombre": "ALCALA"
      },
      "geometry": {
        "type": "Point",
        "coordinates": [
          -74.12644896910611,
          4.603044233122641
        ]
      }
    },
    {
      "type": "Feature",
      "properties": {
        "id": 491,
        "codigo": "006406",
        "nombre": "VILLEMAR"
      },
      "geometry": {
        "type": "Point",
        "coordinates": [
          -74.14007437848865,
          4.670604960853838
        ]
      }
    },
    {
      "type": "Feature",
      "properties": {
        "id": 492,
        "codigo": "003104",
        "nombre": "LA CONCORDIA"
      },
      "geometry": {
        "type": "Point",
        "coordinates": [
          -74.06946833972239,
          4.597475323055972
        ]
      }
    },
    {
      "type": "Feature",
      "properties": {
        "id": 493,
        "codigo": "001355",
        "nombre": "LAS GUACAMAYAS I"
      },
      "geometry": {
        "type": "Point",
        "coordinates": [
          -74.09596549861757,
          4.554313839329649
        ]
      }
    },
    {
      "type": "Feature",
      "properties": {
        "id": 494,
        "codigo": "108112",
        "nombre": "PARAMO II RURAL"
      },
      "geometry": {
        "type": "Point",
        "coordinates": [
          -74.0237156983432,
          4.697041374526282
        ]
      }
    },
    {
      "type": "Feature",
      "properties": {
        "id": 495,
        "codigo": "002532",
        "nombre": "QUINTAS DEL SUR"
      },
      "geometry": {
        "type": "Point",
        "coordinates": [
          -74.13975598713428,
          4.546515070360007
        ]
      }
    },
    {
      "type": "Feature",
      "properties": {
        "id": 496,
        "codigo": "103203",
        "nombre": "EL TABACO"
      },
      "geometry": {
        "type": "Point",
        "coordinates": [
          -74.15814513768893,
          4.2641688264991116
        ]
      }
    },
    {
      "type": "Feature",
      "properties": {
        "id": 497,
        "codigo": "004305",
        "nombre": "LA PRADERA"
      },
      "geometry": {
        "type": "Point",
        "coordinates": [
          -74.12133969285185,
          4.6258888485665555
        ]
      }
    },
    {
      "type": "Feature",
      "properties": {
        "id": 498,
        "codigo": "009135",
        "nombre": "PORTALES DEL NORTE"
      },
      "geometry": {
        "type": "Point",
        "coordinates": [
          -74.06320279054775,
          4.750836459605685
        ]
      }
    },
    {
      "type": "Feature",
      "properties": {
        "id": 499,
        "codigo": "009258",
        "nombre": "CASA BLANCA SUBA I"
      },
      "geometry": {
        "type": "Point",
        "coordinates": [
          -74.0749961298653,
          4.738274732823538
        ]
      }
    },
    {
      "type": "Feature",
      "properties": {
        "id": 500,
        "codigo": "102911",
        "nombre": "CURUBITAL"
      },
      "geometry": {
        "type": "Point",
        "coordinates": [
          -74.1384202505741,
          4.342127475186552
        ]
      }
    },
    {
      "type": "Feature",
      "properties": {
        "id": 501,
        "codigo": "009256",
        "nombre": "SANTA CECILIA"
      },
      "geometry": {
        "type": "Point",
        "coordinates": [
          -74.12786733495925,
          4.740919462510886
        ]
      }
    },
    {
      "type": "Feature",
      "properties": {
        "id": 502,
        "codigo": "006320",
        "nombre": "CIUDAD HAYUELOS"
      },
      "geometry": {
        "type": "Point",
        "coordinates": [
          -74.12862273049515,
          4.657669060473914
        ]
      }
    },
    {
      "type": "Feature",
      "properties": {
        "id": 503,
        "codigo": "008211",
        "nombre": "JUAN XXIII"
      },
      "geometry": {
        "type": "Point",
        "coordinates": [
          -74.05417008190263,
          4.647082611995448
        ]
      }
    },
    {
      "type": "Feature",
      "properties": {
        "id": 504,
        "codigo": "002424",
        "nombre": "RINCON DE GALICIA"
      },
      "geometry": {
        "type": "Point",
        "coordinates": [
          -74.17431047426031,
          4.58760080351131
        ]
      }
    },
    {
      "type": "Feature",
      "properties": {
        "id": 505,
        "codigo": "009104",
        "nombre": "VICTORIA NORTE"
      },
      "geometry": {
        "type": "Point",
        "coordinates": [
          -74.05482784982708,
          4.732159095005203
        ]
      }
    },
    {
      "type": "Feature",
      "properties": {
        "id": 506,
        "codigo": "001347",
        "nombre": "JUAN REY SUR"
      },
      "geometry": {
        "type": "Point",
        "coordinates": [
          -74.09212080284553,
          4.5157701651340725
        ]
      }
    },
    {
      "type": "Feature",
      "properties": {
        "id": 507,
        "codigo": "008314",
        "nombre": "ANTIGUO COUNTRY"
      },
      "geometry": {
        "type": "Point",
        "coordinates": [
          -74.05729158046158,
          4.671685258545371
        ]
      }
    },
    {
      "type": "Feature",
      "properties": {
        "id": 508,
        "codigo": "001211",
        "nombre": "POLICARPA"
      },
      "geometry": {
        "type": "Point",
        "coordinates": [
          -74.08859753227134,
          4.587050723581474
        ]
      }
    },
    {
      "type": "Feature",
      "properties": {
        "id": 509,
        "codigo": "006418",
        "nombre": "PUENTE GRANDE"
      },
      "geometry": {
        "type": "Point",
        "coordinates": [
          -74.16503604118174,
          4.694195399494259
        ]
      }
    },
    {
      "type": "Feature",
      "properties": {
        "id": 510,
        "codigo": "006101",
        "nombre": "FLORIDA"
      },
      "geometry": {
        "type": "Point",
        "coordinates": [
          -74.0818570317431,
          4.624059566918115
        ]
      }
    },
    {
      "type": "Feature",
      "properties": {
        "id": 511,
        "codigo": "005626",
        "nombre": "LOS ALAMOS"
      },
      "geometry": {
        "type": "Point",
        "coordinates": [
          -74.11757038613494,
          4.687287158035207
        ]
      }
    },
    {
      "type": "Feature",
      "properties": {
        "id": 512,
        "codigo": "009202",
        "nombre": "EL RINCON"
      },
      "geometry": {
        "type": "Point",
        "coordinates": [
          -74.09189508259809,
          4.723876924195321
        ]
      }
    },
    {
      "type": "Feature",
      "properties": {
        "id": 513,
        "codigo": "004566",
        "nombre": "PATIO BONITO III"
      },
      "geometry": {
        "type": "Point",
        "coordinates": [
          -74.16098879276673,
          4.642912042974388
        ]
      }
    },
    {
      "type": "Feature",
      "properties": {
        "id": 514,
        "codigo": "002584",
        "nombre": "EL MOCHUELO"
      },
      "geometry": {
        "type": "Point",
        "coordinates": [
          -74.13682017057012,
          4.53746665843611
        ]
      }
    },
    {
      "type": "Feature",
      "properties": {
        "id": 515,
        "codigo": "002642",
        "nombre": "EL PORTAL URBANO"
      },
      "geometry": {
        "type": "Point",
        "coordinates": [
          -74.1006653518111,
          4.494308797638927
        ]
      }
    },
    {
      "type": "Feature",
      "properties": {
        "id": 516,
        "codigo": "001110",
        "nombre": "SAN JAVIER"
      },
      "geometry": {
        "type": "Point",
        "coordinates": [
          -74.08444316540616,
          4.5796957469101365
        ]
      }
    },
    {
      "type": "Feature",
      "properties": {
        "id": 517,
        "codigo": "006108",
        "nombre": "SAMPER MENDOZA"
      },
      "geometry": {
        "type": "Point",
        "coordinates": [
          -74.08169347791971,
          4.619217508398388
        ]
      }
    },
    {
      "type": "Feature",
      "properties": {
        "id": 518,
        "codigo": "002626",
        "nombre": "BOLONIA I"
      },
      "geometry": {
        "type": "Point",
        "coordinates": [
          -74.09850487495234,
          4.516036950665137
        ]
      }
    },
    {
      "type": "Feature",
      "properties": {
        "id": 519,
        "codigo": "009262",
        "nombre": "LA GAITANA ORIENTAL"
      },
      "geometry": {
        "type": "Point",
        "coordinates": [
          -74.10598399375968,
          4.741048484177698
        ]
      }
    },
    {
      "type": "Feature",
      "properties": {
        "id": 520,
        "codigo": "007405",
        "nombre": "ONCE DE NOVIEMBRE"
      },
      "geometry": {
        "type": "Point",
        "coordinates": [
          -74.070910409314,
          4.668420420713181
        ]
      }
    },
    {
      "type": "Feature",
      "properties": {
        "id": 521,
        "codigo": "002451",
        "nombre": "SAN ANTONIO DEL MIRADOR"
      },
      "geometry": {
        "type": "Point",
        "coordinates": [
          -74.17315706103308,
          4.580788325008853
        ]
      }
    },
    {
      "type": "Feature",
      "properties": {
        "id": 522,
        "codigo": "006312",
        "nombre": "MODELIA OCCIDENTAL"
      },
      "geometry": {
        "type": "Point",
        "coordinates": [
          -74.12530045832821,
          4.666510234246963
        ]
      }
    },
    {
      "type": "Feature",
      "properties": {
        "id": 523,
        "codigo": "004541",
        "nombre": "EL PARAISO BOSA"
      },
      "geometry": {
        "type": "Point",
        "coordinates": [
          -74.16848577274412,
          4.641093255637712
        ]
      }
    },
    {
      "type": "Feature",
      "properties": {
        "id": 524,
        "codigo": "006413",
        "nombre": "SAN PABLO JERICO"
      },
      "geometry": {
        "type": "Point",
        "coordinates": [
          -74.15721829956888,
          4.688604673989874
        ]
      }
    },
    {
      "type": "Feature",
      "properties": {
        "id": 525,
        "codigo": "002408",
        "nombre": "FATIMA"
      },
      "geometry": {
        "type": "Point",
        "coordinates": [
          -74.13801012545188,
          4.587154886379909
        ]
      }
    },
    {
      "type": "Feature",
      "properties": {
        "id": 526,
        "codigo": "005627",
        "nombre": "GARCES NAVAS"
      },
      "geometry": {
        "type": "Point",
        "coordinates": [
          -74.12027160960126,
          4.7127199033729745
        ]
      }
    },
    {
      "type": "Feature",
      "properties": {
        "id": 527,
        "codigo": "002607",
        "nombre": "LA ESPERANZA SUR"
      },
      "geometry": {
        "type": "Point",
        "coordinates": [
          -74.10205629163225,
          4.507374624851108
        ]
      }
    },
    {
      "type": "Feature",
      "properties": {
        "id": 528,
        "codigo": "001409",
        "nombre": "LAS LOMAS"
      },
      "geometry": {
        "type": "Point",
        "coordinates": [
          -74.10240488949941,
          4.56289711151059
        ]
      }
    },
    {
      "type": "Feature",
      "properties": {
        "id": 529,
        "codigo": "102115",
        "nombre": "LA UNION"
      },
      "geometry": {
        "type": "Point",
        "coordinates": [
          -74.17725452401895,
          4.311808188924793
        ]
      }
    },
    {
      "type": "Feature",
      "properties": {
        "id": 530,
        "codigo": "002521",
        "nombre": "LUCERO ALTO"
      },
      "geometry": {
        "type": "Point",
        "coordinates": [
          -74.13997968480602,
          4.557919742161987
        ]
      }
    },
    {
      "type": "Feature",
      "properties": {
        "id": 531,
        "codigo": "003215",
        "nombre": "SAN FRANCISCO RURAL"
      },
      "geometry": {
        "type": "Point",
        "coordinates": [
          -74.0670163865863,
          4.5916734816732925
        ]
      }
    },
    {
      "type": "Feature",
      "properties": {
        "id": 532,
        "codigo": "109101",
        "nombre": "EL TOLDO"
      },
      "geometry": {
        "type": "Point",
        "coordinates": [
          -74.29684509000924,
          4.061870731191102
        ]
      }
    },
    {
      "type": "Feature",
      "properties": {
        "id": 533,
        "codigo": "008530",
        "nombre": "LAS MARGARITAS"
      },
      "geometry": {
        "type": "Point",
        "coordinates": [
          -74.0449763211352,
          4.733205997257293
        ]
      }
    },
    {
      "type": "Feature",
      "properties": {
        "id": 534,
        "codigo": "104133",
        "nombre": "EL MOCHUELO III RURAL"
      },
      "geometry": {
        "type": "Point",
        "coordinates": [
          -74.13519752000772,
          4.511566469951355
        ]
      }
    },
    {
      "type": "Feature",
      "properties": {
        "id": 535,
        "codigo": "008520",
        "nombre": "BOSQUE DE PINOS"
      },
      "geometry": {
        "type": "Point",
        "coordinates": [
          -74.01927376112837,
          4.734068361074884
        ]
      }
    },
    {
      "type": "Feature",
      "properties": {
        "id": 536,
        "codigo": "005607",
        "nombre": "SAN IGNACIO"
      },
      "geometry": {
        "type": "Point",
        "coordinates": [
          -74.11495427515163,
          4.677287200307613
        ]
      }
    },
    {
      "type": "Feature",
      "properties": {
        "id": 537,
        "codigo": "005310",
        "nombre": "ESCUELA MILITAR"
      },
      "geometry": {
        "type": "Point",
        "coordinates": [
          -74.07051273957882,
          4.6796263004741006
        ]
      }
    },
    {
      "type": "Feature",
      "properties": {
        "id": 538,
        "codigo": "001320",
        "nombre": "NUEVA GLORIA"
      },
      "geometry": {
        "type": "Point",
        "coordinates": [
          -74.08951367213598,
          4.54067905179969
        ]
      }
    },
    {
      "type": "Feature",
      "properties": {
        "id": 539,
        "codigo": "002305",
        "nombre": "LIBERTADOR"
      },
      "geometry": {
        "type": "Point",
        "coordinates": [
          -74.11419707030122,
          4.585943196393185
        ]
      }
    },
    {
      "type": "Feature",
      "properties": {
        "id": 540,
        "codigo": "001406",
        "nombre": "SAN ISIDRO"
      },
      "geometry": {
        "type": "Point",
        "coordinates": [
          -74.10033093219502,
          4.566281984653244
        ]
      }
    },
    {
      "type": "Feature",
      "properties": {
        "id": 541,
        "codigo": "006522",
        "nombre": "EL TINTAL II"
      },
      "geometry": {
        "type": "Point",
        "coordinates": [
          -74.14409599485312,
          4.663100658172904
        ]
      }
    },
    {
      "type": "Feature",
      "properties": {
        "id": 542,
        "codigo": "002522",
        "nombre": "EL MOCHUELO ORIENTAL"
      },
      "geometry": {
        "type": "Point",
        "coordinates": [
          -74.12509393978044,
          4.536289494086669
        ]
      }
    },
    {
      "type": "Feature",
      "properties": {
        "id": 543,
        "codigo": "005667",
        "nombre": "CENTRO ENGATIVA II"
      },
      "geometry": {
        "type": "Point",
        "coordinates": [
          -74.13587618772367,
          4.711817156847484
        ]
      }
    },
    {
      "type": "Feature",
      "properties": {
        "id": 544,
        "codigo": "107109",
        "nombre": "BARAJAS NORTE"
      },
      "geometry": {
        "type": "Point",
        "coordinates": [
          -74.07747156471312,
          4.780031259896502
        ]
      }
    },
    {
      "type": "Feature",
      "properties": {
        "id": 545,
        "codigo": "104102",
        "nombre": "PASQUILLITA"
      },
      "geometry": {
        "type": "Point",
        "coordinates": [
          -74.15619572424221,
          4.422221581082087
        ]
      }
    },
    {
      "type": "Feature",
      "properties": {
        "id": 546,
        "codigo": "201309",
        "nombre": "TIBAQUE II"
      },
      "geometry": {
        "type": "Point",
        "coordinates": [
          -74.08449654398068,
          4.509281367886695
        ]
      }
    },
    {
      "type": "Feature",
      "properties": {
        "id": 547,
        "codigo": "005109",
        "nombre": "CENTRO ADMINISTRATIVO OCC."
      },
      "geometry": {
        "type": "Point",
        "coordinates": [
          -74.09410692899992,
          4.643524577869986
        ]
      }
    },
    {
      "type": "Feature",
      "properties": {
        "id": 548,
        "codigo": "008509",
        "nombre": "LOS CEDROS ORIENTAL"
      },
      "geometry": {
        "type": "Point",
        "coordinates": [
          -74.02925744640615,
          4.723299083161024
        ]
      }
    },
    {
      "type": "Feature",
      "properties": {
        "id": 549,
        "codigo": "006306",
        "nombre": "GRANJAS DE TECHO"
      },
      "geometry": {
        "type": "Point",
        "coordinates": [
          -74.11695915444565,
          4.642227099391813
        ]
      }
    },
    {
      "type": "Feature",
      "properties": {
        "id": 550,
        "codigo": "102604",
        "nombre": "LA REQUILINA RURAL II"
      },
      "geometry": {
        "type": "Point",
        "coordinates": [
          -74.1224292327432,
          4.47982947911211
        ]
      }
    },
    {
      "type": "Feature",
      "properties": {
        "id": 551,
        "codigo": "004637",
        "nombre": "LAS MARGARITAS"
      },
      "geometry": {
        "type": "Point",
        "coordinates": [
          -74.19526269604437,
          4.630350068789598
        ]
      }
    },
    {
      "type": "Feature",
      "properties": {
        "id": 552,
        "codigo": "004519",
        "nombre": "ESCOCIA"
      },
      "geometry": {
        "type": "Point",
        "coordinates": [
          -74.18522943679629,
          4.621053418850072
        ]
      }
    },
    {
      "type": "Feature",
      "properties": {
        "id": 553,
        "codigo": "005207",
        "nombre": "METROPOLIS"
      },
      "geometry": {
        "type": "Point",
        "coordinates": [
          -74.08191550494988,
          4.680924375692866
        ]
      }
    },
    {
      "type": "Feature",
      "properties": {
        "id": 554,
        "codigo": "006404",
        "nombre": "PUERTA DE TEJA"
      },
      "geometry": {
        "type": "Point",
        "coordinates": [
          -74.12722414396619,
          4.678982619367235
        ]
      }
    },
    {
      "type": "Feature",
      "properties": {
        "id": 555,
        "codigo": "002552",
        "nombre": "JUAN PABLO II"
      },
      "geometry": {
        "type": "Point",
        "coordinates": [
          -74.1499693285512,
          4.554142324671763
        ]
      }
    },
    {
      "type": "Feature",
      "properties": {
        "id": 556,
        "codigo": "005405",
        "nombre": "LAS FERIAS OCCIDENTAL"
      },
      "geometry": {
        "type": "Point",
        "coordinates": [
          -74.0871504975359,
          4.686953719505287
        ]
      }
    },
    {
      "type": "Feature",
      "properties": {
        "id": 557,
        "codigo": "001356",
        "nombre": "VILLA DEL CERRO"
      },
      "geometry": {
        "type": "Point",
        "coordinates": [
          -74.09501920147596,
          4.5443842307967595
        ]
      }
    },
    {
      "type": "Feature",
      "properties": {
        "id": 558,
        "codigo": "102110",
        "nombre": "EL PORVENIR DE LOS SOCHES"
      },
      "geometry": {
        "type": "Point",
        "coordinates": [
          -74.09107901893825,
          4.486566757314172
        ]
      }
    },
    {
      "type": "Feature",
      "properties": {
        "id": 559,
        "codigo": "105318",
        "nombre": "SAN BERNARDINO XVIII"
      },
      "geometry": {
        "type": "Point",
        "coordinates": [
          -74.20833431029452,
          4.619101517999119
        ]
      }
    },
    {
      "type": "Feature",
      "properties": {
        "id": 560,
        "codigo": "003106",
        "nombre": "CENTRO ADMINISTRATIVO"
      },
      "geometry": {
        "type": "Point",
        "coordinates": [
          -74.07657507731014,
          4.596222665146565
        ]
      }
    },
    {
      "type": "Feature",
      "properties": {
        "id": 561,
        "codigo": "002586",
        "nombre": "YOMASA NORTE"
      },
      "geometry": {
        "type": "Point",
        "coordinates": [
          -74.11897047931625,
          4.5016517026623735
        ]
      }
    },
    {
      "type": "Feature",
      "properties": {
        "id": 562,
        "codigo": "009266",
        "nombre": "RINCON ALTAMAR"
      },
      "geometry": {
        "type": "Point",
        "coordinates": [
          -74.09247174021245,
          4.719790078719533
        ]
      }
    },
    {
      "type": "Feature",
      "properties": {
        "id": 563,
        "codigo": "004580",
        "nombre": "BOSA NOVA EL PORVENIR"
      },
      "geometry": {
        "type": "Point",
        "coordinates": [
          -74.1898562710999,
          4.621745428606225
        ]
      }
    },
    {
      "type": "Feature",
      "properties": {
        "id": 564,
        "codigo": "101101",
        "nombre": "EL BAGAZAL"
      },
      "geometry": {
        "type": "Point",
        "coordinates": [
          -74.03716509030453,
          4.654301777473862
        ]
      }
    },
    {
      "type": "Feature",
      "properties": {
        "id": 565,
        "codigo": "205322",
        "nombre": "CAMPO VERDE"
      },
      "geometry": {
        "type": "Point",
        "coordinates": [
          -74.21076753674174,
          4.624618247651129
        ]
      }
    },
    {
      "type": "Feature",
      "properties": {
        "id": 566,
        "codigo": "002545",
        "nombre": "EL SATELITE"
      },
      "geometry": {
        "type": "Point",
        "coordinates": [
          -74.14765922609787,
          4.568469999263649
        ]
      }
    },
    {
      "type": "Feature",
      "properties": {
        "id": 567,
        "codigo": "004613",
        "nombre": "PROVIVIENDA OCCIDENTAL"
      },
      "geometry": {
        "type": "Point",
        "coordinates": [
          -74.16786382840193,
          4.635679378222195
        ]
      }
    },
    {
      "type": "Feature",
      "properties": {
        "id": 568,
        "codigo": "003203",
        "nombre": "SANTA BARBARA"
      },
      "geometry": {
        "type": "Point",
        "coordinates": [
          -74.0779114186712,
          4.59227646962854
        ]
      }
    },
    {
      "type": "Feature",
      "properties": {
        "id": 569,
        "codigo": "002435",
        "nombre": "EL CHIRCAL SUR"
      },
      "geometry": {
        "type": "Point",
        "coordinates": [
          -74.1447643104514,
          4.570501847438137
        ]
      }
    },
    {
      "type": "Feature",
      "properties": {
        "id": 570,
        "codigo": "009249",
        "nombre": "VEREDA SUBA NARANJOS"
      },
      "geometry": {
        "type": "Point",
        "coordinates": [
          -74.08054616484763,
          4.72552570365342
        ]
      }
    },
    {
      "type": "Feature",
      "properties": {
        "id": 571,
        "codigo": "209106",
        "nombre": "LA UNION URBANO"
      },
      "geometry": {
        "type": "Point",
        "coordinates": [
          -74.36359793312168,
          3.985594132743746
        ]
      }
    },
    {
      "type": "Feature",
      "properties": {
        "id": 572,
        "codigo": "107101",
        "nombre": "GUAYMARAL"
      },
      "geometry": {
        "type": "Point",
        "coordinates": [
          -74.0713800242575,
          4.8194839378869
        ]
      }
    },
    {
      "type": "Feature",
      "properties": {
        "id": 573,
        "codigo": "205109",
        "nombre": "LA MAGDALENA I"
      },
      "geometry": {
        "type": "Point",
        "coordinates": [
          -74.16002021692542,
          4.654176856633829
        ]
      }
    },
    {
      "type": "Feature",
      "properties": {
        "id": 574,
        "codigo": "001346",
        "nombre": "CIUDAD LONDRES I"
      },
      "geometry": {
        "type": "Point",
        "coordinates": [
          -74.08729339243541,
          4.5195359784585225
        ]
      }
    },
    {
      "type": "Feature",
      "properties": {
        "id": 575,
        "codigo": "005601",
        "nombre": "EL MINUTO DE DIOS"
      },
      "geometry": {
        "type": "Point",
        "coordinates": [
          -74.08974090555974,
          4.7000544181635675
        ]
      }
    },
    {
      "type": "Feature",
      "properties": {
        "id": 576,
        "codigo": "103109",
        "nombre": "LAS SOPAS"
      },
      "geometry": {
        "type": "Point",
        "coordinates": [
          -74.20888300761443,
          4.083550159881483
        ]
      }
    },
    {
      "type": "Feature",
      "properties": {
        "id": 577,
        "codigo": "001112",
        "nombre": "PRIMERO DE MAYO"
      },
      "geometry": {
        "type": "Point",
        "coordinates": [
          -74.08972653430722,
          4.5727608294102975
        ]
      }
    },
    {
      "type": "Feature",
      "properties": {
        "id": 578,
        "codigo": "008506",
        "nombre": "BARRANCAS NORTE"
      },
      "geometry": {
        "type": "Point",
        "coordinates": [
          -74.02802000161729,
          4.735003552160718
        ]
      }
    },
    {
      "type": "Feature",
      "properties": {
        "id": 579,
        "codigo": "006414",
        "nombre": "BRISAS ALDEA FONTIBON"
      },
      "geometry": {
        "type": "Point",
        "coordinates": [
          -74.15692282402347,
          4.694867276033633
        ]
      }
    },
    {
      "type": "Feature",
      "properties": {
        "id": 580,
        "codigo": "008320",
        "nombre": "EL REFUGIO ZONA II"
      },
      "geometry": {
        "type": "Point",
        "coordinates": [
          -74.04266456786118,
          4.667133630462066
        ]
      }
    },
    {
      "type": "Feature",
      "properties": {
        "id": 581,
        "codigo": "002645",
        "nombre": "PUERTA AL LLANO I"
      },
      "geometry": {
        "type": "Point",
        "coordinates": [
          -74.10938510900094,
          4.4930486795927855
        ]
      }
    },
    {
      "type": "Feature",
      "properties": {
        "id": 582,
        "codigo": "004412",
        "nombre": "REMANSO SUR"
      },
      "geometry": {
        "type": "Point",
        "coordinates": [
          -74.11653068584337,
          4.600866391519765
        ]
      }
    },
    {
      "type": "Feature",
      "properties": {
        "id": 583,
        "codigo": "203106",
        "nombre": "NAZARETH URBANO"
      },
      "geometry": {
        "type": "Point",
        "coordinates": [
          -74.14700111771882,
          4.172531685685015
        ]
      }
    },
    {
      "type": "Feature",
      "properties": {
        "id": 584,
        "codigo": "008513",
        "nombre": "LISBOA"
      },
      "geometry": {
        "type": "Point",
        "coordinates": [
          -74.0359276915033,
          4.715507050425587
        ]
      }
    },
    {
      "type": "Feature",
      "properties": {
        "id": 585,
        "codigo": "009226",
        "nombre": "SALITRE SUBA"
      },
      "geometry": {
        "type": "Point",
        "coordinates": [
          -74.08282559267573,
          4.755544595263193
        ]
      }
    },
    {
      "type": "Feature",
      "properties": {
        "id": 586,
        "codigo": "008544",
        "nombre": "CANAIMA"
      },
      "geometry": {
        "type": "Point",
        "coordinates": [
          -74.03861169867055,
          4.771011742934617
        ]
      }
    },
    {
      "type": "Feature",
      "properties": {
        "id": 587,
        "codigo": "005612",
        "nombre": "PARIS GAITAN"
      },
      "geometry": {
        "type": "Point",
        "coordinates": [
          -74.0962287096884,
          4.70488399177191
        ]
      }
    },
    {
      "type": "Feature",
      "properties": {
        "id": 588,
        "codigo": "008114",
        "nombre": "PARQUE NACIONAL URBANO"
      },
      "geometry": {
        "type": "Point",
        "coordinates": [
          -74.06305033491766,
          4.600271124980017
        ]
      }
    },
    {
      "type": "Feature",
      "properties": {
        "id": 589,
        "codigo": "201306",
        "nombre": "TIBAQUE I"
      },
      "geometry": {
        "type": "Point",
        "coordinates": [
          -74.07487064743584,
          4.5593705251289105
        ]
      }
    },
    {
      "type": "Feature",
      "properties": {
        "id": 590,
        "codigo": "009230",
        "nombre": "SAN CAYETANO"
      },
      "geometry": {
        "type": "Point",
        "coordinates": [
          -74.09683228531584,
          4.7262587810827075
        ]
      }
    },
    {
      "type": "Feature",
      "properties": {
        "id": 591,
        "codigo": "002535",
        "nombre": "PALERMO SUR"
      },
      "geometry": {
        "type": "Point",
        "coordinates": [
          -74.10935682299342,
          4.541662319219683
        ]
      }
    },
    {
      "type": "Feature",
      "properties": {
        "id": 592,
        "codigo": "008106",
        "nombre": "BOSQUE IZQUIERDO"
      },
      "geometry": {
        "type": "Point",
        "coordinates": [
          -74.06472004577171,
          4.609298484433435
        ]
      }
    },
    {
      "type": "Feature",
      "properties": {
        "id": 593,
        "codigo": "102506",
        "nombre": "PORTAL RURAL II"
      },
      "geometry": {
        "type": "Point",
        "coordinates": [
          -74.09708829683795,
          4.493847734007512
        ]
      }
    },
    {
      "type": "Feature",
      "properties": {
        "id": 594,
        "codigo": "005116",
        "nombre": "PABLO VI NORTE"
      },
      "geometry": {
        "type": "Point",
        "coordinates": [
          -74.08752400032674,
          4.654982454988787
        ]
      }
    },
    {
      "type": "Feature",
      "properties": {
        "id": 595,
        "codigo": "002407",
        "nombre": "EL CARMEN"
      },
      "geometry": {
        "type": "Point",
        "coordinates": [
          -74.13571010462239,
          4.581311830130786
        ]
      }
    },
    {
      "type": "Feature",
      "properties": {
        "id": 596,
        "codigo": "102118",
        "nombre": "LAS VIOLETAS RURAL"
      },
      "geometry": {
        "type": "Point",
        "coordinates": [
          -74.07609791368397,
          4.490927644274338
        ]
      }
    },
    {
      "type": "Feature",
      "properties": {
        "id": 597,
        "codigo": "008403",
        "nombre": "LA CAROLINA"
      },
      "geometry": {
        "type": "Point",
        "coordinates": [
          -74.03683940092111,
          4.707228599726577
        ]
      }
    },
    {
      "type": "Feature",
      "properties": {
        "id": 598,
        "codigo": "005103",
        "nombre": "SAN MIGUEL"
      },
      "geometry": {
        "type": "Point",
        "coordinates": [
          -74.07836881172376,
          4.661783307329584
        ]
      }
    },
    {
      "type": "Feature",
      "properties": {
        "id": 599,
        "codigo": "102310",
        "nombre": "EL BOSQUE SUR ORIENTAL RURAL I"
      },
      "geometry": {
        "type": "Point",
        "coordinates": [
          -74.08585781097126,
          4.47488905064936
        ]
      }
    },
    {
      "type": "Feature",
      "properties": {
        "id": 600,
        "codigo": "009210",
        "nombre": "LAS FLORES"
      },
      "geometry": {
        "type": "Point",
        "coordinates": [
          -74.08856631633965,
          4.741695794923024
        ]
      }
    },
    {
      "type": "Feature",
      "properties": {
        "id": 601,
        "codigo": "002102",
        "nombre": "SAN ANTONIO"
      },
      "geometry": {
        "type": "Point",
        "coordinates": [
          -74.09476182261295,
          4.589937824496731
        ]
      }
    },
    {
      "type": "Feature",
      "properties": {
        "id": 602,
        "codigo": "002563",
        "nombre": "EL PEDREGAL"
      },
      "geometry": {
        "type": "Point",
        "coordinates": [
          -74.11379977353867,
          4.5223688991655635
        ]
      }
    },
    {
      "type": "Feature",
      "properties": {
        "id": 603,
        "codigo": "006202",
        "nombre": "GRAN AMERICA"
      },
      "geometry": {
        "type": "Point",
        "coordinates": [
          -74.08406697624619,
          4.62726934518565
        ]
      }
    },
    {
      "type": "Feature",
      "properties": {
        "id": 604,
        "codigo": "009241",
        "nombre": "BOSQUES DE SAN JORGE"
      },
      "geometry": {
        "type": "Point",
        "coordinates": [
          -74.0866941717026,
          4.746787836645539
        ]
      }
    },
    {
      "type": "Feature",
      "properties": {
        "id": 605,
        "codigo": "105403",
        "nombre": "EL CHANCO RURAL III"
      },
      "geometry": {
        "type": "Point",
        "coordinates": [
          -74.17247110666261,
          4.679522820027912
        ]
      }
    },
    {
      "type": "Feature",
      "properties": {
        "id": 606,
        "codigo": "004628",
        "nombre": "BETANIA"
      },
      "geometry": {
        "type": "Point",
        "coordinates": [
          -74.17876589475519,
          4.627104511247618
        ]
      }
    },
    {
      "type": "Feature",
      "properties": {
        "id": 607,
        "codigo": "001314",
        "nombre": "SAN JOSE SUR ORIENTAL"
      },
      "geometry": {
        "type": "Point",
        "coordinates": [
          -74.08706404394886,
          4.547347518496027
        ]
      }
    },
    {
      "type": "Feature",
      "properties": {
        "id": 608,
        "codigo": "204107",
        "nombre": "EL MIRADOR II"
      },
      "geometry": {
        "type": "Point",
        "coordinates": [
          -74.15996367861715,
          4.547434897408316
        ]
      }
    },
    {
      "type": "Feature",
      "properties": {
        "id": 609,
        "codigo": "004521",
        "nombre": "LA ESTACION BOSA"
      },
      "geometry": {
        "type": "Point",
        "coordinates": [
          -74.18716884139953,
          4.599080331160217
        ]
      }
    },
    {
      "type": "Feature",
      "properties": {
        "id": 610,
        "codigo": "002502",
        "nombre": "MILLAN"
      },
      "geometry": {
        "type": "Point",
        "coordinates": [
          -74.14613285825952,
          4.559606422140599
        ]
      }
    },
    {
      "type": "Feature",
      "properties": {
        "id": 611,
        "codigo": "009245",
        "nombre": "PINOS DE LOMBARDIA"
      },
      "geometry": {
        "type": "Point",
        "coordinates": [
          -74.09579367547933,
          4.753174097425768
        ]
      }
    },
    {
      "type": "Feature",
      "properties": {
        "id": 612,
        "codigo": "004577",
        "nombre": "SAN BERNARDINO XXII URBANO"
      },
      "geometry": {
        "type": "Point",
        "coordinates": [
          -74.2148267391898,
          4.625854951481033
        ]
      }
    },
    {
      "type": "Feature",
      "properties": {
        "id": 613,
        "codigo": "009117",
        "nombre": "PRADO VERANIEGO SUR"
      },
      "geometry": {
        "type": "Point",
        "coordinates": [
          -74.06442568727044,
          4.713024320367961
        ]
      }
    },
    {
      "type": "Feature",
      "properties": {
        "id": 614,
        "codigo": "002585",
        "nombre": "EL MOCHUELO URBANO"
      },
      "geometry": {
        "type": "Point",
        "coordinates": [
          -74.15293763309232,
          4.534112176660537
        ]
      }
    },
    {
      "type": "Feature",
      "properties": {
        "id": 615,
        "codigo": "004573",
        "nombre": "CIUDADELA EL RECREO"
      },
      "geometry": {
        "type": "Point",
        "coordinates": [
          -74.20265047190327,
          4.631994410495384
        ]
      }
    },
    {
      "type": "Feature",
      "properties": {
        "id": 616,
        "codigo": "104132",
        "nombre": "EL MOCHUELO ORIENTAL RURAL"
      },
      "geometry": {
        "type": "Point",
        "coordinates": [
          -74.12608721615601,
          4.5226738240991615
        ]
      }
    },
    {
      "type": "Feature",
      "properties": {
        "id": 617,
        "codigo": "108102",
        "nombre": "TIBABITA RURAL"
      },
      "geometry": {
        "type": "Point",
        "coordinates": [
          -74.02717279603098,
          4.776701992278611
        ]
      }
    },
    {
      "type": "Feature",
      "properties": {
        "id": 618,
        "codigo": "004544",
        "nombre": "LAS DELICIAS"
      },
      "geometry": {
        "type": "Point",
        "coordinates": [
          -74.14539037755132,
          4.598428814238063
        ]
      }
    },
    {
      "type": "Feature",
      "properties": {
        "id": 619,
        "codigo": "009126",
        "nombre": "ESTORIL"
      },
      "geometry": {
        "type": "Point",
        "coordinates": [
          -74.05864526344905,
          4.691989957068116
        ]
      }
    },
    {
      "type": "Feature",
      "properties": {
        "id": 620,
        "codigo": "009237",
        "nombre": "RINCON DE SUBA"
      },
      "geometry": {
        "type": "Point",
        "coordinates": [
          -74.09573062544649,
          4.722089270000838
        ]
      }
    },
    {
      "type": "Feature",
      "properties": {
        "id": 621,
        "codigo": "001205",
        "nombre": "SOCIEGO"
      },
      "geometry": {
        "type": "Point",
        "coordinates": [
          -74.0913545566773,
          4.57667661367686
        ]
      }
    },
    {
      "type": "Feature",
      "properties": {
        "id": 622,
        "codigo": "101301",
        "nombre": "HOYA SAN CRISTOBAL"
      },
      "geometry": {
        "type": "Point",
        "coordinates": [
          -74.04733640492579,
          4.557737594344752
        ]
      }
    },
    {
      "type": "Feature",
      "properties": {
        "id": 623,
        "codigo": "002541",
        "nombre": "GRANADA SUR"
      },
      "geometry": {
        "type": "Point",
        "coordinates": [
          -74.1228818540664,
          4.518089091281806
        ]
      }
    },
    {
      "type": "Feature",
      "properties": {
        "id": 624,
        "codigo": "009232",
        "nombre": "SABANA DE TIBABUYES"
      },
      "geometry": {
        "type": "Point",
        "coordinates": [
          -74.10876814458145,
          4.749009577545599
        ]
      }
    },
    {
      "type": "Feature",
      "properties": {
        "id": 625,
        "codigo": "001338",
        "nombre": "LA BELLEZA"
      },
      "geometry": {
        "type": "Point",
        "coordinates": [
          -74.0933346635148,
          4.53047251312561
        ]
      }
    },
    {
      "type": "Feature",
      "properties": {
        "id": 626,
        "codigo": "005682",
        "nombre": "CIUDAD BACHUE II"
      },
      "geometry": {
        "type": "Point",
        "coordinates": [
          -74.10206759314892,
          4.71662084812928
        ]
      }
    },
    {
      "type": "Feature",
      "properties": {
        "id": 627,
        "codigo": "004559",
        "nombre": "EL CARMELO"
      },
      "geometry": {
        "type": "Point",
        "coordinates": [
          -74.17676889012644,
          4.62005717495588
        ]
      }
    },
    {
      "type": "Feature",
      "properties": {
        "id": 628,
        "codigo": "002643",
        "nombre": "EL SALTEADOR"
      },
      "geometry": {
        "type": "Point",
        "coordinates": [
          -74.10341627554148,
          4.483975205532603
        ]
      }
    },
    {
      "type": "Feature",
      "properties": {
        "id": 629,
        "codigo": "001435",
        "nombre": "LOS ARRAYANES II"
      },
      "geometry": {
        "type": "Point",
        "coordinates": [
          -74.10750692559904,
          4.54278250707608
        ]
      }
    },
    {
      "type": "Feature",
      "properties": {
        "id": 630,
        "codigo": "007103",
        "nombre": "LA MAGDALENA"
      },
      "geometry": {
        "type": "Point",
        "coordinates": [
          -74.07081965965631,
          4.6280089183124815
        ]
      }
    },
    {
      "type": "Feature",
      "properties": {
        "id": 631,
        "codigo": "005507",
        "nombre": "NORMANDIA"
      },
      "geometry": {
        "type": "Point",
        "coordinates": [
          -74.10652019159025,
          4.668583608874605
        ]
      }
    },
    {
      "type": "Feature",
      "properties": {
        "id": 632,
        "codigo": "006419",
        "nombre": "EL REFUGIO"
      },
      "geometry": {
        "type": "Point",
        "coordinates": [
          -74.14932511055902,
          4.691069293643264
        ]
      }
    },
    {
      "type": "Feature",
      "properties": {
        "id": 633,
        "codigo": "002417",
        "nombre": "BARLOVENTO"
      },
      "geometry": {
        "type": "Point",
        "coordinates": [
          -74.16678890888609,
          4.592419134813679
        ]
      }
    },
    {
      "type": "Feature",
      "properties": {
        "id": 634,
        "codigo": "002529",
        "nombre": "LA MARICHUELA"
      },
      "geometry": {
        "type": "Point",
        "coordinates": [
          -74.1185756132102,
          4.51026708707385
        ]
      }
    },
    {
      "type": "Feature",
      "properties": {
        "id": 635,
        "codigo": "004207",
        "nombre": "GORGONZOLA"
      },
      "geometry": {
        "type": "Point",
        "coordinates": [
          -74.10416520621112,
          4.622447544227385
        ]
      }
    },
    {
      "type": "Feature",
      "properties": {
        "id": 636,
        "codigo": "102707",
        "nombre": "OLARTE"
      },
      "geometry": {
        "type": "Point",
        "coordinates": [
          -74.1239748468391,
          4.444672311624058
        ]
      }
    },
    {
      "type": "Feature",
      "properties": {
        "id": 637,
        "codigo": "004208",
        "nombre": "LOS EJIDOS"
      },
      "geometry": {
        "type": "Point",
        "coordinates": [
          -74.10045792634362,
          4.617942670458612
        ]
      }
    },
    {
      "type": "Feature",
      "properties": {
        "id": 638,
        "codigo": "008410",
        "nombre": "ESCUELA DE INFANTERIA"
      },
      "geometry": {
        "type": "Point",
        "coordinates": [
          -74.04011531710283,
          4.684168551136425
        ]
      }
    },
    {
      "type": "Feature",
      "properties": {
        "id": 639,
        "codigo": "003103",
        "nombre": "LAS AGUAS"
      },
      "geometry": {
        "type": "Point",
        "coordinates": [
          -74.06577740098005,
          4.6021116300517955
        ]
      }
    },
    {
      "type": "Feature",
      "properties": {
        "id": 640,
        "codigo": "004576",
        "nombre": "CASA BLANCA SUR"
      },
      "geometry": {
        "type": "Point",
        "coordinates": [
          -74.17168690254006,
          4.618205711595469
        ]
      }
    },
    {
      "type": "Feature",
      "properties": {
        "id": 641,
        "codigo": "009242",
        "nombre": "TUNA BAJA"
      },
      "geometry": {
        "type": "Point",
        "coordinates": [
          -74.09198970705971,
          4.756439111039279
        ]
      }
    },
    {
      "type": "Feature",
      "properties": {
        "id": 642,
        "codigo": "104104",
        "nombre": "PASQUILLA"
      },
      "geometry": {
        "type": "Point",
        "coordinates": [
          -74.16928671137025,
          4.445265771402289
        ]
      }
    },
    {
      "type": "Feature",
      "properties": {
        "id": 643,
        "codigo": "002583",
        "nombre": "QUIBA URBANO"
      },
      "geometry": {
        "type": "Point",
        "coordinates": [
          -74.1436798909271,
          4.534411738517528
        ]
      }
    },
    {
      "type": "Feature",
      "properties": {
        "id": 644,
        "codigo": "009261",
        "nombre": "TUNA"
      },
      "geometry": {
        "type": "Point",
        "coordinates": [
          -74.10614376403909,
          4.760781232057398
        ]
      }
    },
    {
      "type": "Feature",
      "properties": {
        "id": 645,
        "codigo": "002524",
        "nombre": "LA ANDREA"
      },
      "geometry": {
        "type": "Point",
        "coordinates": [
          -74.11284438779647,
          4.512579443045804
        ]
      }
    },
    {
      "type": "Feature",
      "properties": {
        "id": 646,
        "codigo": "104134",
        "nombre": "BELLA FLOR SUR RURAL"
      },
      "geometry": {
        "type": "Point",
        "coordinates": [
          -74.15833572247634,
          4.542259248430413
        ]
      }
    },
    {
      "type": "Feature",
      "properties": {
        "id": 647,
        "codigo": "107906",
        "nombre": "TIBABUYES II RURAL"
      },
      "geometry": {
        "type": "Point",
        "coordinates": [
          -74.11950886062624,
          4.758298619476942
        ]
      }
    },
    {
      "type": "Feature",
      "properties": {
        "id": 648,
        "codigo": "105342",
        "nombre": "SABANA GRANDE RURAL"
      },
      "geometry": {
        "type": "Point",
        "coordinates": [
          -74.15300092957833,
          4.664195298216681
        ]
      }
    },
    {
      "type": "Feature",
      "properties": {
        "id": 649,
        "codigo": "105211",
        "nombre": "OSORIO XII RURAL"
      },
      "geometry": {
        "type": "Point",
        "coordinates": [
          -74.18295334114083,
          4.647464056482945
        ]
      }
    },
    {
      "type": "Feature",
      "properties": {
        "id": 650,
        "codigo": "002508",
        "nombre": "TUNJUELITO"
      },
      "geometry": {
        "type": "Point",
        "coordinates": [
          -74.12793213840823,
          4.561613948584362
        ]
      }
    },
    {
      "type": "Feature",
      "properties": {
        "id": 651,
        "codigo": "006401",
        "nombre": "VERSALLES FONTIBON"
      },
      "geometry": {
        "type": "Point",
        "coordinates": [
          -74.14519278436802,
          4.685452130448566
        ]
      }
    },
    {
      "type": "Feature",
      "properties": {
        "id": 652,
        "codigo": "001208",
        "nombre": "LA HORTUA"
      },
      "geometry": {
        "type": "Point",
        "coordinates": [
          -74.08765008231387,
          4.589615452284923
        ]
      }
    },
    {
      "type": "Feature",
      "properties": {
        "id": 653,
        "codigo": "105402",
        "nombre": "CHARCO RURAL"
      },
      "geometry": {
        "type": "Point",
        "coordinates": [
          -74.16782829459126,
          4.701749329063596
        ]
      }
    },
    {
      "type": "Feature",
      "properties": {
        "id": 654,
        "codigo": "104405",
        "nombre": "TUNJUELITO RURAL"
      },
      "geometry": {
        "type": "Point",
        "coordinates": [
          -74.12424355927361,
          4.510525497384019
        ]
      }
    },
    {
      "type": "Feature",
      "properties": {
        "id": 655,
        "codigo": "103106",
        "nombre": "NAZARETH"
      },
      "geometry": {
        "type": "Point",
        "coordinates": [
          -74.1595866017857,
          4.166883607754427
        ]
      }
    },
    {
      "type": "Feature",
      "properties": {
        "id": 656,
        "codigo": "005643",
        "nombre": "ALAMOS"
      },
      "geometry": {
        "type": "Point",
        "coordinates": [
          -74.11871621357469,
          4.70505238979759
        ]
      }
    },
    {
      "type": "Feature",
      "properties": {
        "id": 657,
        "codigo": "008214",
        "nombre": "CHAPINERO NORTE"
      },
      "geometry": {
        "type": "Point",
        "coordinates": [
          -74.06162252306108,
          4.65065070596991
        ]
      }
    },
    {
      "type": "Feature",
      "properties": {
        "id": 658,
        "codigo": "208128",
        "nombre": "TORCA II"
      },
      "geometry": {
        "type": "Point",
        "coordinates": [
          -74.02668814666504,
          4.81090061616923
        ]
      }
    },
    {
      "type": "Feature",
      "properties": {
        "id": 659,
        "codigo": "006416",
        "nombre": "ATAHUALPA"
      },
      "geometry": {
        "type": "Point",
        "coordinates": [
          -74.14610286313129,
          4.688690935038452
        ]
      }
    },
    {
      "type": "Feature",
      "properties": {
        "id": 660,
        "codigo": "002534",
        "nombre": "CASA DE TEJA"
      },
      "geometry": {
        "type": "Point",
        "coordinates": [
          -74.13570558664016,
          4.541279047075692
        ]
      }
    },
    {
      "type": "Feature",
      "properties": {
        "id": 661,
        "codigo": "001354",
        "nombre": "LAS GUACAMAYAS III"
      },
      "geometry": {
        "type": "Point",
        "coordinates": [
          -74.10046331443236,
          4.558133735909658
        ]
      }
    },
    {
      "type": "Feature",
      "properties": {
        "id": 662,
        "codigo": "002544",
        "nombre": "LOS LAURELES II"
      },
      "geometry": {
        "type": "Point",
        "coordinates": [
          -74.15240713464998,
          4.571620102841649
        ]
      }
    },
    {
      "type": "Feature",
      "properties": {
        "id": 663,
        "codigo": "004205",
        "nombre": "PRIMAVERA OCCIDENTAL"
      },
      "geometry": {
        "type": "Point",
        "coordinates": [
          -74.10909427055668,
          4.614890769499965
        ]
      }
    },
    {
      "type": "Feature",
      "properties": {
        "id": 664,
        "codigo": "004590",
        "nombre": "SAN BERNARDINO XXV URBANO"
      },
      "geometry": {
        "type": "Point",
        "coordinates": [
          -74.2186670052716,
          4.623218299160096
        ]
      }
    },
    {
      "type": "Feature",
      "properties": {
        "id": 665,
        "codigo": "001345",
        "nombre": "DONA LILIANA"
      },
      "geometry": {
        "type": "Point",
        "coordinates": [
          -74.09310969468608,
          4.510573871389411
        ]
      }
    },
    {
      "type": "Feature",
      "properties": {
        "id": 666,
        "codigo": "001348",
        "nombre": "LA CABANA"
      },
      "geometry": {
        "type": "Point",
        "coordinates": [
          -74.09124276324891,
          4.5130762902097805
        ]
      }
    },
    {
      "type": "Feature",
      "properties": {
        "id": 667,
        "codigo": "004596",
        "nombre": "ALQUERIA LA FRAGUA II"
      },
      "geometry": {
        "type": "Point",
        "coordinates": [
          -74.13954686710024,
          4.600414119255314
        ]
      }
    },
    {
      "type": "Feature",
      "properties": {
        "id": 668,
        "codigo": "005660",
        "nombre": "SAN ANTONIO URBANO"
      },
      "geometry": {
        "type": "Point",
        "coordinates": [
          -74.13168402201956,
          4.702516398434408
        ]
      }
    },
    {
      "type": "Feature",
      "properties": {
        "id": 669,
        "codigo": "008309",
        "nombre": "LA CABRERA"
      },
      "geometry": {
        "type": "Point",
        "coordinates": [
          -74.05012273796889,
          4.669168283400175
        ]
      }
    },
    {
      "type": "Feature",
      "properties": {
        "id": 670,
        "codigo": "004533",
        "nombre": "EL RETAZO"
      },
      "geometry": {
        "type": "Point",
        "coordinates": [
          -74.19496457714332,
          4.606207680518507
        ]
      }
    },
    {
      "type": "Feature",
      "properties": {
        "id": 671,
        "codigo": "004409",
        "nombre": "ALQUERIA"
      },
      "geometry": {
        "type": "Point",
        "coordinates": [
          -74.13359702922588,
          4.599338336820836
        ]
      }
    },
    {
      "type": "Feature",
      "properties": {
        "id": 672,
        "codigo": "004201",
        "nombre": "PENSILVANIA"
      },
      "geometry": {
        "type": "Point",
        "coordinates": [
          -74.09761550708349,
          4.612636874780445
        ]
      }
    },
    {
      "type": "Feature",
      "properties": {
        "id": 673,
        "codigo": "007302",
        "nombre": "ALCAZARES"
      },
      "geometry": {
        "type": "Point",
        "coordinates": [
          -74.07041479136545,
          4.662510500783015
        ]
      }
    },
    {
      "type": "Feature",
      "properties": {
        "id": 674,
        "codigo": "104114",
        "nombre": "QUIBA ALTO"
      },
      "geometry": {
        "type": "Point",
        "coordinates": [
          -74.17008222775783,
          4.496172550587497
        ]
      }
    },
    {
      "type": "Feature",
      "properties": {
        "id": 675,
        "codigo": "002525",
        "nombre": "BARRANQUILLITA"
      },
      "geometry": {
        "type": "Point",
        "coordinates": [
          -74.11653471538857,
          4.523735845109845
        ]
      }
    },
    {
      "type": "Feature",
      "properties": {
        "id": 676,
        "codigo": "005673",
        "nombre": "PUEBLO VIEJO"
      },
      "geometry": {
        "type": "Point",
        "coordinates": [
          -74.15408340512914,
          4.709145244990257
        ]
      }
    },
    {
      "type": "Feature",
      "properties": {
        "id": 677,
        "codigo": "001327",
        "nombre": "LOS LIBERTADORES"
      },
      "geometry": {
        "type": "Point",
        "coordinates": [
          -74.08948215758191,
          4.5331822729233116
        ]
      }
    },
    {
      "type": "Feature",
      "properties": {
        "id": 678,
        "codigo": "009253",
        "nombre": "SAN PEDRO"
      },
      "geometry": {
        "type": "Point",
        "coordinates": [
          -74.11994850580471,
          4.745996978515382
        ]
      }
    },
    {
      "type": "Feature",
      "properties": {
        "id": 679,
        "codigo": "106301",
        "nombre": "ENGATIVA EL DORADO"
      },
      "geometry": {
        "type": "Point",
        "coordinates": [
          -74.13154088274408,
          4.726838361367523
        ]
      }
    },
    {
      "type": "Feature",
      "properties": {
        "id": 680,
        "codigo": "009229",
        "nombre": "TOSCANA"
      },
      "geometry": {
        "type": "Point",
        "coordinates": [
          -74.11379386620553,
          4.743564741004339
        ]
      }
    },
    {
      "type": "Feature",
      "properties": {
        "id": 681,
        "codigo": "007306",
        "nombre": "BAQUERO"
      },
      "geometry": {
        "type": "Point",
        "coordinates": [
          -74.0688375237417,
          4.652221754620084
        ]
      }
    },
    {
      "type": "Feature",
      "properties": {
        "id": 682,
        "codigo": "008501",
        "nombre": "EL TOBERIN"
      },
      "geometry": {
        "type": "Point",
        "coordinates": [
          -74.04207395318522,
          4.747136305470736
        ]
      }
    },
    {
      "type": "Feature",
      "properties": {
        "id": 683,
        "codigo": "002578",
        "nombre": "ARABIA"
      },
      "geometry": {
        "type": "Point",
        "coordinates": [
          -74.14737832873439,
          4.5335565013690955
        ]
      }
    },
    {
      "type": "Feature",
      "properties": {
        "id": 684,
        "codigo": "009209",
        "nombre": "VILLA MARIA"
      },
      "geometry": {
        "type": "Point",
        "coordinates": [
          -74.10238617115301,
          4.739020815233078
        ]
      }
    },
    {
      "type": "Feature",
      "properties": {
        "id": 685,
        "codigo": "009140",
        "nombre": "NUESTRA SENORA DEL ROSARIO"
      },
      "geometry": {
        "type": "Point",
        "coordinates": [
          -74.06802492341085,
          4.788528848782551
        ]
      }
    },
    {
      "type": "Feature",
      "properties": {
        "id": 686,
        "codigo": "006208",
        "nombre": "ORTEZAL"
      },
      "geometry": {
        "type": "Point",
        "coordinates": [
          -74.09689976478208,
          4.630524685389256
        ]
      }
    },
    {
      "type": "Feature",
      "properties": {
        "id": 687,
        "codigo": "009132",
        "nombre": "ESCUELA DE CARABINEROS"
      },
      "geometry": {
        "type": "Point",
        "coordinates": [
          -74.07068553150633,
          4.7353606872135385
        ]
      }
    },
    {
      "type": "Feature",
      "properties": {
        "id": 688,
        "codigo": "002420",
        "nombre": "LA CORUNA"
      },
      "geometry": {
        "type": "Point",
        "coordinates": [
          -74.1525139286647,
          4.578824811614125
        ]
      }
    },
    {
      "type": "Feature",
      "properties": {
        "id": 689,
        "codigo": "005605",
        "nombre": "EL ENCANTO"
      },
      "geometry": {
        "type": "Point",
        "coordinates": [
          -74.10529791572996,
          4.678616248814906
        ]
      }
    },
    {
      "type": "Feature",
      "properties": {
        "id": 690,
        "codigo": "009263",
        "nombre": "VILLA ALCAZAR"
      },
      "geometry": {
        "type": "Point",
        "coordinates": [
          -74.0856218974272,
          4.723123169253126
        ]
      }
    },
    {
      "type": "Feature",
      "properties": {
        "id": 691,
        "codigo": "104118",
        "nombre": "CIUDAD BOLIVAR RURAL III"
      },
      "geometry": {
        "type": "Point",
        "coordinates": [
          -74.1619949717038,
          4.556910538496314
        ]
      }
    },
    {
      "type": "Feature",
      "properties": {
        "id": 692,
        "codigo": "002543",
        "nombre": "COMUNEROS"
      },
      "geometry": {
        "type": "Point",
        "coordinates": [
          -74.10911515942645,
          4.498311017645481
        ]
      }
    },
    {
      "type": "Feature",
      "properties": {
        "id": 693,
        "codigo": "008212",
        "nombre": "MARLY"
      },
      "geometry": {
        "type": "Point",
        "coordinates": [
          -74.06530324611465,
          4.63595080981635
        ]
      }
    },
    {
      "type": "Feature",
      "properties": {
        "id": 694,
        "codigo": "006423",
        "nombre": "EL TINTAL CENTRAL"
      },
      "geometry": {
        "type": "Point",
        "coordinates": [
          -74.13657166762019,
          4.665813885264631
        ]
      }
    },
    {
      "type": "Feature",
      "properties": {
        "id": 695,
        "codigo": "201404",
        "nombre": "LA PE\u00d1A RURAL"
      },
      "geometry": {
        "type": "Point",
        "coordinates": [
          -74.06518363813703,
          4.586038857005336
        ]
      }
    },
    {
      "type": "Feature",
      "properties": {
        "id": 696,
        "codigo": "006535",
        "nombre": "EL CHANCO III"
      },
      "geometry": {
        "type": "Point",
        "coordinates": [
          -74.17005073156255,
          4.67659070087386
        ]
      }
    },
    {
      "type": "Feature",
      "properties": {
        "id": 697,
        "codigo": "204130",
        "nombre": "ARABIA II"
      },
      "geometry": {
        "type": "Point",
        "coordinates": [
          -74.15080195762741,
          4.533419914827146
        ]
      }
    },
    {
      "type": "Feature",
      "properties": {
        "id": 698,
        "codigo": "002644",
        "nombre": "CENTRO USME URBANO I"
      },
      "geometry": {
        "type": "Point",
        "coordinates": [
          -74.12760690545353,
          4.470954975559562
        ]
      }
    },
    {
      "type": "Feature",
      "properties": {
        "id": 699,
        "codigo": "002632",
        "nombre": "LA REQUILINA"
      },
      "geometry": {
        "type": "Point",
        "coordinates": [
          -74.12143912584104,
          4.481731257410782
        ]
      }
    },
    {
      "type": "Feature",
      "properties": {
        "id": 700,
        "codigo": "206154",
        "nombre": "EL CEDRO I"
      },
      "geometry": {
        "type": "Point",
        "coordinates": [
          -74.15105573445433,
          4.722163796414523
        ]
      }
    },
    {
      "type": "Feature",
      "properties": {
        "id": 701,
        "codigo": "001432",
        "nombre": "DIANA TURBAY CULTIVOS"
      },
      "geometry": {
        "type": "Point",
        "coordinates": [
          -74.10436573059926,
          4.541655540333163
        ]
      }
    },
    {
      "type": "Feature",
      "properties": {
        "id": 702,
        "codigo": "001430",
        "nombre": "VILLA DE LOS ALPES I"
      },
      "geometry": {
        "type": "Point",
        "coordinates": [
          -74.09898637680945,
          4.562294946452916
        ]
      }
    },
    {
      "type": "Feature",
      "properties": {
        "id": 703,
        "codigo": "004627",
        "nombre": "GALAN"
      },
      "geometry": {
        "type": "Point",
        "coordinates": [
          -74.17230349197848,
          4.6488115100484295
        ]
      }
    },
    {
      "type": "Feature",
      "properties": {
        "id": 704,
        "codigo": "009106",
        "nombre": "SAN JOSE DEL PRADO"
      },
      "geometry": {
        "type": "Point",
        "coordinates": [
          -74.05862438665905,
          4.7236035276384465
        ]
      }
    },
    {
      "type": "Feature",
      "properties": {
        "id": 705,
        "codigo": "102113",
        "nombre": "LAS MARGARITAS"
      },
      "geometry": {
        "type": "Point",
        "coordinates": [
          -74.19756214231548,
          4.378219721732297
        ]
      }
    },
    {
      "type": "Feature",
      "properties": {
        "id": 706,
        "codigo": "005662",
        "nombre": "EL CEDRO"
      },
      "geometry": {
        "type": "Point",
        "coordinates": [
          -74.14869821547548,
          4.71744501832277
        ]
      }
    },
    {
      "type": "Feature",
      "properties": {
        "id": 707,
        "codigo": "005639",
        "nombre": "QUIRIGUA ORIENTAL"
      },
      "geometry": {
        "type": "Point",
        "coordinates": [
          -74.10255180102047,
          4.707216215616595
        ]
      }
    },
    {
      "type": "Feature",
      "properties": {
        "id": 708,
        "codigo": "006206",
        "nombre": "EL EJIDO"
      },
      "geometry": {
        "type": "Point",
        "coordinates": [
          -74.10179706127988,
          4.62488147377266
        ]
      }
    },
    {
      "type": "Feature",
      "properties": {
        "id": 709,
        "codigo": "002573",
        "nombre": "ARBORIZADORA ALTA"
      },
      "geometry": {
        "type": "Point",
        "coordinates": [
          -74.15906304523367,
          4.5674002300774355
        ]
      }
    },
    {
      "type": "Feature",
      "properties": {
        "id": 710,
        "codigo": "007310",
        "nombre": "LA PAZ"
      },
      "geometry": {
        "type": "Point",
        "coordinates": [
          -74.07503935280977,
          4.659450462245468
        ]
      }
    },
    {
      "type": "Feature",
      "properties": {
        "id": 711,
        "codigo": "006417",
        "nombre": "VILLA CARMENZA"
      },
      "geometry": {
        "type": "Point",
        "coordinates": [
          -74.15102955494946,
          4.6812254777286455
        ]
      }
    },
    {
      "type": "Feature",
      "properties": {
        "id": 712,
        "codigo": "006203",
        "nombre": "LA FLORIDA OCCIDENTAL"
      },
      "geometry": {
        "type": "Point",
        "coordinates": [
          -74.08713350783914,
          4.62344978485482
        ]
      }
    },
    {
      "type": "Feature",
      "properties": {
        "id": 713,
        "codigo": "006507",
        "nombre": "NUEVO TECHO"
      },
      "geometry": {
        "type": "Point",
        "coordinates": [
          -74.13627336797808,
          4.646827100409186
        ]
      }
    },
    {
      "type": "Feature",
      "properties": {
        "id": 714,
        "codigo": "002404",
        "nombre": "VENECIA"
      },
      "geometry": {
        "type": "Point",
        "coordinates": [
          -74.13866083605242,
          4.59223994245557
        ]
      }
    },
    {
      "type": "Feature",
      "properties": {
        "id": 715,
        "codigo": "004602",
        "nombre": "REMANSO URBANO"
      },
      "geometry": {
        "type": "Point",
        "coordinates": [
          -74.20447529472399,
          4.617435367601309
        ]
      }
    },
    {
      "type": "Feature",
      "properties": {
        "id": 716,
        "codigo": "208101",
        "nombre": "PARAMO IV"
      },
      "geometry": {
        "type": "Point",
        "coordinates": [
          -74.0190715657153,
          4.672821533698959
        ]
      }
    },
    {
      "type": "Feature",
      "properties": {
        "id": 717,
        "codigo": "204128",
        "nombre": "QUIBA RURAL"
      },
      "geometry": {
        "type": "Point",
        "coordinates": [
          -74.14295226760514,
          4.533451637878188
        ]
      }
    },
    {
      "type": "Feature",
      "properties": {
        "id": 718,
        "codigo": "101309",
        "nombre": "LA ARBOLEDA RURAL"
      },
      "geometry": {
        "type": "Point",
        "coordinates": [
          -74.07599501025743,
          4.5329156138991005
        ]
      }
    },
    {
      "type": "Feature",
      "properties": {
        "id": 719,
        "codigo": "001424",
        "nombre": "BARCELONA SUR"
      },
      "geometry": {
        "type": "Point",
        "coordinates": [
          -74.10388140884831,
          4.564893016568391
        ]
      }
    },
    {
      "type": "Feature",
      "properties": {
        "id": 720,
        "codigo": "109106",
        "nombre": "LA UNION"
      },
      "geometry": {
        "type": "Point",
        "coordinates": [
          -74.3622439457283,
          3.99556086589992
        ]
      }
    },
    {
      "type": "Feature",
      "properties": {
        "id": 721,
        "codigo": "002591",
        "nombre": "BRAZUELOS OCCIDENTAL"
      },
      "geometry": {
        "type": "Point",
        "coordinates": [
          -74.12251401416515,
          4.4966629608334205
        ]
      }
    },
    {
      "type": "Feature",
      "properties": {
        "id": 722,
        "codigo": "005631",
        "nombre": "CIUDAD BACHUE I ETAPA"
      },
      "geometry": {
        "type": "Point",
        "coordinates": [
          -74.10343985394385,
          4.71495705647915
        ]
      }
    },
    {
      "type": "Feature",
      "properties": {
        "id": 723,
        "codigo": "009214",
        "nombre": "TUNA ALTA"
      },
      "geometry": {
        "type": "Point",
        "coordinates": [
          -74.0782284269905,
          4.753949064711727
        ]
      }
    },
    {
      "type": "Feature",
      "properties": {
        "id": 724,
        "codigo": "104306",
        "nombre": "EL MOCHUELO ALTO RURAL"
      },
      "geometry": {
        "type": "Point",
        "coordinates": [
          -74.13536913339018,
          4.499488786075543
        ]
      }
    },
    {
      "type": "Feature",
      "properties": {
        "id": 725,
        "codigo": "002446",
        "nombre": "LOS TRES REYES"
      },
      "geometry": {
        "type": "Point",
        "coordinates": [
          -74.17993712684323,
          4.589523517869563
        ]
      }
    },
    {
      "type": "Feature",
      "properties": {
        "id": 726,
        "codigo": "008207",
        "nombre": "BOSQUE CALDERON"
      },
      "geometry": {
        "type": "Point",
        "coordinates": [
          -74.06064591015645,
          4.641248545780538
        ]
      }
    },
    {
      "type": "Feature",
      "properties": {
        "id": 727,
        "codigo": "006415",
        "nombre": "LA LAGUNA FONTIBON"
      },
      "geometry": {
        "type": "Point",
        "coordinates": [
          -74.14943946557325,
          4.670646459009259
        ]
      }
    },
    {
      "type": "Feature",
      "properties": {
        "id": 728,
        "codigo": "009110",
        "nombre": "MAZUREN"
      },
      "geometry": {
        "type": "Point",
        "coordinates": [
          -74.05564582030252,
          4.736644056669414
        ]
      }
    },
    {
      "type": "Feature",
      "properties": {
        "id": 729,
        "codigo": "007104",
        "nombre": "TEUSAQUILLO"
      },
      "geometry": {
        "type": "Point",
        "coordinates": [
          -74.07229010039116,
          4.623084866414285
        ]
      }
    },
    {
      "type": "Feature",
      "properties": {
        "id": 730,
        "codigo": "005634",
        "nombre": "EL CORTIJO"
      },
      "geometry": {
        "type": "Point",
        "coordinates": [
          -74.11881337496749,
          4.727852500529198
        ]
      }
    },
    {
      "type": "Feature",
      "properties": {
        "id": 731,
        "codigo": "202502",
        "nombre": "EL UVAL"
      },
      "geometry": {
        "type": "Point",
        "coordinates": [
          -74.10266168486476,
          4.4851685954945575
        ]
      }
    },
    {
      "type": "Feature",
      "properties": {
        "id": 732,
        "codigo": "108104",
        "nombre": "PARAMO"
      },
      "geometry": {
        "type": "Point",
        "coordinates": [
          -74.01688206599854,
          4.687712805150159
        ]
      }
    },
    {
      "type": "Feature",
      "properties": {
        "id": 733,
        "codigo": "003211",
        "nombre": "GIRARDOT"
      },
      "geometry": {
        "type": "Point",
        "coordinates": [
          -74.0744356600005,
          4.586229718479482
        ]
      }
    },
    {
      "type": "Feature",
      "properties": {
        "id": 734,
        "codigo": "002440",
        "nombre": "SIERRA MORENA"
      },
      "geometry": {
        "type": "Point",
        "coordinates": [
          -74.17000426220245,
          4.576389001179323
        ]
      }
    },
    {
      "type": "Feature",
      "properties": {
        "id": 735,
        "codigo": "002619",
        "nombre": "VILLA ANITA"
      },
      "geometry": {
        "type": "Point",
        "coordinates": [
          -74.11869049056764,
          4.4891653422926705
        ]
      }
    },
    {
      "type": "Feature",
      "properties": {
        "id": 736,
        "codigo": "002511",
        "nombre": "LA PICOTA"
      },
      "geometry": {
        "type": "Point",
        "coordinates": [
          -74.11826471387234,
          4.54749508270774
        ]
      }
    },
    {
      "type": "Feature",
      "properties": {
        "id": 737,
        "codigo": "002549",
        "nombre": "VILLA GLORIA"
      },
      "geometry": {
        "type": "Point",
        "coordinates": [
          -74.15236422173685,
          4.549734874056566
        ]
      }
    },
    {
      "type": "Feature",
      "properties": {
        "id": 738,
        "codigo": "001431",
        "nombre": "LA RESURRECCION I"
      },
      "geometry": {
        "type": "Point",
        "coordinates": [
          -74.1087951187275,
          4.566168421987104
        ]
      }
    },
    {
      "type": "Feature",
      "properties": {
        "id": 739,
        "codigo": "205320",
        "nombre": "EL REMANSO"
      },
      "geometry": {
        "type": "Point",
        "coordinates": [
          -74.20539399830295,
          4.616412081692748
        ]
      }
    },
    {
      "type": "Feature",
      "properties": {
        "id": 740,
        "codigo": "108110",
        "nombre": "TORCA RURAL II"
      },
      "geometry": {
        "type": "Point",
        "coordinates": [
          -74.0207227624787,
          4.79828294562462
        ]
      }
    },
    {
      "type": "Feature",
      "properties": {
        "id": 741,
        "codigo": "005625",
        "nombre": "LOS ALAMOS"
      },
      "geometry": {
        "type": "Point",
        "coordinates": [
          -74.11067312885109,
          4.6974769515151555
        ]
      }
    },
    {
      "type": "Feature",
      "properties": {
        "id": 742,
        "codigo": "001413",
        "nombre": "LA RESURRECCION"
      },
      "geometry": {
        "type": "Point",
        "coordinates": [
          -74.11147277864305,
          4.566826796660853
        ]
      }
    },
    {
      "type": "Feature",
      "properties": {
        "id": 743,
        "codigo": "108108",
        "nombre": "PARAMO II"
      },
      "geometry": {
        "type": "Point",
        "coordinates": [
          -74.0202618100796,
          4.6610686921893985
        ]
      }
    },
    {
      "type": "Feature",
      "properties": {
        "id": 744,
        "codigo": "001306",
        "nombre": "SAN PEDRO"
      },
      "geometry": {
        "type": "Point",
        "coordinates": [
          -74.08472484406686,
          4.563869067778616
        ]
      }
    },
    {
      "type": "Feature",
      "properties": {
        "id": 745,
        "codigo": "004561",
        "nombre": "EL JARDIN"
      },
      "geometry": {
        "type": "Point",
        "coordinates": [
          -74.20848964181238,
          4.614026802372799
        ]
      }
    },
    {
      "type": "Feature",
      "properties": {
        "id": 746,
        "codigo": "002589",
        "nombre": "PORVENIR"
      },
      "geometry": {
        "type": "Point",
        "coordinates": [
          -74.11746086052628,
          4.5332446296890545
        ]
      }
    },
    {
      "type": "Feature",
      "properties": {
        "id": 747,
        "codigo": "004514",
        "nombre": "CIUDAD KENNEDY NORTE"
      },
      "geometry": {
        "type": "Point",
        "coordinates": [
          -74.15355300401671,
          4.628812979987546
        ]
      }
    },
    {
      "type": "Feature",
      "properties": {
        "id": 748,
        "codigo": "004558",
        "nombre": "CAMPO HERMOSO"
      },
      "geometry": {
        "type": "Point",
        "coordinates": [
          -74.16478036394324,
          4.6404339258979865
        ]
      }
    },
    {
      "type": "Feature",
      "properties": {
        "id": 749,
        "codigo": "103201",
        "nombre": "BETANIA"
      },
      "geometry": {
        "type": "Point",
        "coordinates": [
          -74.15276245770592,
          4.211300413703695
        ]
      }
    },
    {
      "type": "Feature",
      "properties": {
        "id": 750,
        "codigo": "102116",
        "nombre": "CHISACA"
      },
      "geometry": {
        "type": "Point",
        "coordinates": [
          -74.20502924530237,
          4.320068348321001
        ]
      }
    },
    {
      "type": "Feature",
      "properties": {
        "id": 751,
        "codigo": "002569",
        "nombre": "ARBORIZADORA ALTA"
      },
      "geometry": {
        "type": "Point",
        "coordinates": [
          -74.16637106834457,
          4.562677610905066
        ]
      }
    },
    {
      "type": "Feature",
      "properties": {
        "id": 752,
        "codigo": "005648",
        "nombre": "VILLA AMALIA"
      },
      "geometry": {
        "type": "Point",
        "coordinates": [
          -74.12364749787292,
          4.708877593288213
        ]
      }
    },
    {
      "type": "Feature",
      "properties": {
        "id": 753,
        "codigo": "208129",
        "nombre": "LAS DELICIAS DEL CARMEN II SECTOR"
      },
      "geometry": {
        "type": "Point",
        "coordinates": [
          -74.02383875579997,
          4.7031666012939555
        ]
      }
    },
    {
      "type": "Feature",
      "properties": {
        "id": 754,
        "codigo": "002608",
        "nombre": "EL BOSQUE CENTRAL I"
      },
      "geometry": {
        "type": "Point",
        "coordinates": [
          -74.09899780593955,
          4.505151015100554
        ]
      }
    },
    {
      "type": "Feature",
      "properties": {
        "id": 755,
        "codigo": "005406",
        "nombre": "BONANZA"
      },
      "geometry": {
        "type": "Point",
        "coordinates": [
          -74.09037615449448,
          4.689889263336373
        ]
      }
    },
    {
      "type": "Feature",
      "properties": {
        "id": 756,
        "codigo": "008508",
        "nombre": "CEDRO SALAZAR"
      },
      "geometry": {
        "type": "Point",
        "coordinates": [
          -74.0287283917047,
          4.726774769949091
        ]
      }
    },
    {
      "type": "Feature",
      "properties": {
        "id": 757,
        "codigo": "001310",
        "nombre": "LA VICTORIA"
      },
      "geometry": {
        "type": "Point",
        "coordinates": [
          -74.09222118319819,
          4.5517829113087505
        ]
      }
    },
    {
      "type": "Feature",
      "properties": {
        "id": 758,
        "codigo": "009216",
        "nombre": "LA GAITANA"
      },
      "geometry": {
        "type": "Point",
        "coordinates": [
          -74.10910062363583,
          4.742198634832706
        ]
      }
    },
    {
      "type": "Feature",
      "properties": {
        "id": 759,
        "codigo": "003207",
        "nombre": "LOS LACHES"
      },
      "geometry": {
        "type": "Point",
        "coordinates": [
          -74.06802319044355,
          4.585758394024377
        ]
      }
    },
    {
      "type": "Feature",
      "properties": {
        "id": 760,
        "codigo": "001312",
        "nombre": "LOS ALPES"
      },
      "geometry": {
        "type": "Point",
        "coordinates": [
          -74.08316222936641,
          4.5539425498753205
        ]
      }
    },
    {
      "type": "Feature",
      "properties": {
        "id": 761,
        "codigo": "008308",
        "nombre": "EL CHICO"
      },
      "geometry": {
        "type": "Point",
        "coordinates": [
          -74.05164398931977,
          4.6737586831790345
        ]
      }
    },
    {
      "type": "Feature",
      "properties": {
        "id": 762,
        "codigo": "001335",
        "nombre": "VILLA DIANA"
      },
      "geometry": {
        "type": "Point",
        "coordinates": [
          -74.09028888612616,
          4.501803166016067
        ]
      }
    },
    {
      "type": "Feature",
      "properties": {
        "id": 763,
        "codigo": "105203",
        "nombre": "OSORIO II"
      },
      "geometry": {
        "type": "Point",
        "coordinates": [
          -74.16541251399737,
          4.655538366540643
        ]
      }
    },
    {
      "type": "Feature",
      "properties": {
        "id": 764,
        "codigo": "005502",
        "nombre": "LA ESTRADA"
      },
      "geometry": {
        "type": "Point",
        "coordinates": [
          -74.0933098165971,
          4.678131745020858
        ]
      }
    },
    {
      "type": "Feature",
      "properties": {
        "id": 765,
        "codigo": "009125",
        "nombre": "PASADENA"
      },
      "geometry": {
        "type": "Point",
        "coordinates": [
          -74.06277364715282,
          4.692205664960698
        ]
      }
    },
    {
      "type": "Feature",
      "properties": {
        "id": 766,
        "codigo": "102808",
        "nombre": "LA REGADERA"
      },
      "geometry": {
        "type": "Point",
        "coordinates": [
          -74.12252978763004,
          4.394056267744251
        ]
      }
    },
    {
      "type": "Feature",
      "properties": {
        "id": 767,
        "codigo": "008540",
        "nombre": "LA ESTRELLITA I"
      },
      "geometry": {
        "type": "Point",
        "coordinates": [
          -74.02346457772049,
          4.765200551023523
        ]
      }
    },
    {
      "type": "Feature",
      "properties": {
        "id": 768,
        "codigo": "005684",
        "nombre": "QUIRIGUA II"
      },
      "geometry": {
        "type": "Point",
        "coordinates": [
          -74.10587250297723,
          4.708780437197571
        ]
      }
    },
    {
      "type": "Feature",
      "properties": {
        "id": 769,
        "codigo": "205221",
        "nombre": "GALAN RURAL"
      },
      "geometry": {
        "type": "Point",
        "coordinates": [
          -74.17563361576492,
          4.653084416982591
        ]
      }
    },
    {
      "type": "Feature",
      "properties": {
        "id": 770,
        "codigo": "007101",
        "nombre": "LA SOLEDAD"
      },
      "geometry": {
        "type": "Point",
        "coordinates": [
          -74.07574042964501,
          4.6295648257428015
        ]
      }
    },
    {
      "type": "Feature",
      "properties": {
        "id": 771,
        "codigo": "002461",
        "nombre": "ARBORIZADORA ALTA  II"
      },
      "geometry": {
        "type": "Point",
        "coordinates": [
          -74.15538850841321,
          4.571007986315917
        ]
      }
    },
    {
      "type": "Feature",
      "properties": {
        "id": 772,
        "codigo": "009127",
        "nombre": "ANDES NORTE"
      },
      "geometry": {
        "type": "Point",
        "coordinates": [
          -74.06822961649395,
          4.6916982672004846
        ]
      }
    },
    {
      "type": "Feature",
      "properties": {
        "id": 773,
        "codigo": "004633",
        "nombre": "SANTA FE BOSA"
      },
      "geometry": {
        "type": "Point",
        "coordinates": [
          -74.19418945943757,
          4.6370050464772525
        ]
      }
    },
    {
      "type": "Feature",
      "properties": {
        "id": 774,
        "codigo": "002422",
        "nombre": "ATLANTA"
      },
      "geometry": {
        "type": "Point",
        "coordinates": [
          -74.1531096636848,
          4.584388905159179
        ]
      }
    },
    {
      "type": "Feature",
      "properties": {
        "id": 775,
        "codigo": "004575",
        "nombre": "LOS LAURELES"
      },
      "geometry": {
        "type": "Point",
        "coordinates": [
          -74.20279850253154,
          4.614184100456352
        ]
      }
    },
    {
      "type": "Feature",
      "properties": {
        "id": 776,
        "codigo": "008419",
        "nombre": "ESCUELA DE CABALLERIA II"
      },
      "geometry": {
        "type": "Point",
        "coordinates": [
          -74.03737037847901,
          4.680794428263268
        ]
      }
    },
    {
      "type": "Feature",
      "properties": {
        "id": 777,
        "codigo": "009205",
        "nombre": "AURES"
      },
      "geometry": {
        "type": "Point",
        "coordinates": [
          -74.09560365860465,
          4.733007638095446
        ]
      }
    },
    {
      "type": "Feature",
      "properties": {
        "id": 778,
        "codigo": "204106",
        "nombre": "NUEVA ESPERANZA"
      },
      "geometry": {
        "type": "Point",
        "coordinates": [
          -74.16365428834746,
          4.547459746062078
        ]
      }
    },
    {
      "type": "Feature",
      "properties": {
        "id": 779,
        "codigo": "208108",
        "nombre": "SAN ISIDRO RURAL"
      },
      "geometry": {
        "type": "Point",
        "coordinates": [
          -74.0195275831858,
          4.66369970245467
        ]
      }
    },
    {
      "type": "Feature",
      "properties": {
        "id": 780,
        "codigo": "002203",
        "nombre": "QUIROGA CENTRAL"
      },
      "geometry": {
        "type": "Point",
        "coordinates": [
          -74.11631391740305,
          4.5793291099576345
        ]
      }
    },
    {
      "type": "Feature",
      "properties": {
        "id": 781,
        "codigo": "009208",
        "nombre": "COSTA AZUL"
      },
      "geometry": {
        "type": "Point",
        "coordinates": [
          -74.09749507244597,
          4.738605047741951
        ]
      }
    },
    {
      "type": "Feature",
      "properties": {
        "id": 782,
        "codigo": "005101",
        "nombre": "JOSE JOAQUIN VARGAS"
      },
      "geometry": {
        "type": "Point",
        "coordinates": [
          -74.0855772699519,
          4.671858842150491
        ]
      }
    },
    {
      "type": "Feature",
      "properties": {
        "id": 783,
        "codigo": "004560",
        "nombre": "SAUCEDAL"
      },
      "geometry": {
        "type": "Point",
        "coordinates": [
          -74.16183561153461,
          4.635044035290054
        ]
      }
    },
    {
      "type": "Feature",
      "properties": {
        "id": 784,
        "codigo": "002540",
        "nombre": "ESTRELLA DEL SUR"
      },
      "geometry": {
        "type": "Point",
        "coordinates": [
          -74.14471417304598,
          4.544774351564815
        ]
      }
    },
    {
      "type": "Feature",
      "properties": {
        "id": 785,
        "codigo": "001301",
        "nombre": "GRANADA SUR"
      },
      "geometry": {
        "type": "Point",
        "coordinates": [
          -74.0899895201116,
          4.569479777079761
        ]
      }
    },
    {
      "type": "Feature",
      "properties": {
        "id": 786,
        "codigo": "002625",
        "nombre": "ARRAYANES V"
      },
      "geometry": {
        "type": "Point",
        "coordinates": [
          -74.10171781280137,
          4.534586797495539
        ]
      }
    },
    {
      "type": "Feature",
      "properties": {
        "id": 787,
        "codigo": "006308",
        "nombre": "FRANCO"
      },
      "geometry": {
        "type": "Point",
        "coordinates": [
          -74.12123563064094,
          4.650417946390262
        ]
      }
    },
    {
      "type": "Feature",
      "properties": {
        "id": 788,
        "codigo": "009139",
        "nombre": "CASABLANCA SUBA URBANO II"
      },
      "geometry": {
        "type": "Point",
        "coordinates": [
          -74.0591099719998,
          4.79332981099646
        ]
      }
    },
    {
      "type": "Feature",
      "properties": {
        "id": 789,
        "codigo": "001118",
        "nombre": "LOS LAURELES SUR ORIENTAL I"
      },
      "geometry": {
        "type": "Point",
        "coordinates": [
          -74.0677240712911,
          4.566274702523961
        ]
      }
    },
    {
      "type": "Feature",
      "properties": {
        "id": 790,
        "codigo": "005604",
        "nombre": "EL REAL"
      },
      "geometry": {
        "type": "Point",
        "coordinates": [
          -74.10265414411508,
          4.681410372578753
        ]
      }
    },
    {
      "type": "Feature",
      "properties": {
        "id": 791,
        "codigo": "006109",
        "nombre": "COLSEGUROS"
      },
      "geometry": {
        "type": "Point",
        "coordinates": [
          -74.08514652525595,
          4.620945658881065
        ]
      }
    },
    {
      "type": "Feature",
      "properties": {
        "id": 792,
        "codigo": "205316",
        "nombre": "VILLA EMMA"
      },
      "geometry": {
        "type": "Point",
        "coordinates": [
          -74.20469767859109,
          4.621562618932227
        ]
      }
    },
    {
      "type": "Feature",
      "properties": {
        "id": 793,
        "codigo": "108114",
        "nombre": "PARAMO III RURAL"
      },
      "geometry": {
        "type": "Point",
        "coordinates": [
          -74.02921382502441,
          4.6801082991556715
        ]
      }
    },
    {
      "type": "Feature",
      "properties": {
        "id": 794,
        "codigo": "009119",
        "nombre": "ATENAS"
      },
      "geometry": {
        "type": "Point",
        "coordinates": [
          -74.06876897163322,
          4.730809115391021
        ]
      }
    },
    {
      "type": "Feature",
      "properties": {
        "id": 795,
        "codigo": "005613",
        "nombre": "LA SERENA"
      },
      "geometry": {
        "type": "Point",
        "coordinates": [
          -74.09169474692635,
          4.707854530771744
        ]
      }
    },
    {
      "type": "Feature",
      "properties": {
        "id": 796,
        "codigo": "001309",
        "nombre": "SAN VICENTE"
      },
      "geometry": {
        "type": "Point",
        "coordinates": [
          -74.08862417793414,
          4.554748917059798
        ]
      }
    },
    {
      "type": "Feature",
      "properties": {
        "id": 797,
        "codigo": "107102",
        "nombre": "CASABLANCA SUBA"
      },
      "geometry": {
        "type": "Point",
        "coordinates": [
          -74.05191755046388,
          4.79746521618129
        ]
      }
    },
    {
      "type": "Feature",
      "properties": {
        "id": 798,
        "codigo": "002538",
        "nombre": "USMINIA"
      },
      "geometry": {
        "type": "Point",
        "coordinates": [
          -74.11627574734915,
          4.494308539336245
        ]
      }
    },
    {
      "type": "Feature",
      "properties": {
        "id": 799,
        "codigo": "002301",
        "nombre": "EDUARDO FREY"
      },
      "geometry": {
        "type": "Point",
        "coordinates": [
          -74.11620629448518,
          4.592141552994318
        ]
      }
    },
    {
      "type": "Feature",
      "properties": {
        "id": 800,
        "codigo": "006523",
        "nombre": "SAN PEDRO DE LOS ROBLES"
      },
      "geometry": {
        "type": "Point",
        "coordinates": [
          -74.14728268229182,
          4.666994066599824
        ]
      }
    },
    {
      "type": "Feature",
      "properties": {
        "id": 801,
        "codigo": "005510",
        "nombre": "EL LAUREL"
      },
      "geometry": {
        "type": "Point",
        "coordinates": [
          -74.09643440756362,
          4.681050627413057
        ]
      }
    },
    {
      "type": "Feature",
      "properties": {
        "id": 802,
        "codigo": "009267",
        "nombre": "VILLA MARIA I"
      },
      "geometry": {
        "type": "Point",
        "coordinates": [
          -74.10160776542995,
          4.74158533025194
        ]
      }
    },
    {
      "type": "Feature",
      "properties": {
        "id": 803,
        "codigo": "002539",
        "nombre": "SAN RAFAEL"
      },
      "geometry": {
        "type": "Point",
        "coordinates": [
          -74.14952631581882,
          4.547793582402599
        ]
      }
    },
    {
      "type": "Feature",
      "properties": {
        "id": 804,
        "codigo": "004531",
        "nombre": "MANDALAY"
      },
      "geometry": {
        "type": "Point",
        "coordinates": [
          -74.14354593515475,
          4.629278367789056
        ]
      }
    },
    {
      "type": "Feature",
      "properties": {
        "id": 805,
        "codigo": "003105",
        "nombre": "EGIPTO"
      },
      "geometry": {
        "type": "Point",
        "coordinates": [
          -74.06979953836108,
          4.59489123939667
        ]
      }
    },
    {
      "type": "Feature",
      "properties": {
        "id": 806,
        "codigo": "009223",
        "nombre": "TTES DE COLOMBIA"
      },
      "geometry": {
        "type": "Point",
        "coordinates": [
          -74.0927613082761,
          4.730750299557685
        ]
      }
    },
    {
      "type": "Feature",
      "properties": {
        "id": 807,
        "codigo": "002553",
        "nombre": "SUMAPAZ"
      },
      "geometry": {
        "type": "Point",
        "coordinates": [
          -74.14681498108875,
          4.554145661965091
        ]
      }
    },
    {
      "type": "Feature",
      "properties": {
        "id": 808,
        "codigo": "005608",
        "nombre": "SANTA HELENITA"
      },
      "geometry": {
        "type": "Point",
        "coordinates": [
          -74.10467155700064,
          4.690566300316731
        ]
      }
    },
    {
      "type": "Feature",
      "properties": {
        "id": 809,
        "codigo": "009218",
        "nombre": "ALMIRANTE COLON"
      },
      "geometry": {
        "type": "Point",
        "coordinates": [
          -74.08660396328166,
          4.715664421873671
        ]
      }
    },
    {
      "type": "Feature",
      "properties": {
        "id": 810,
        "codigo": "101405",
        "nombre": "PARQUE NACIONAL ORIENTAL"
      },
      "geometry": {
        "type": "Point",
        "coordinates": [
          -74.04974733202569,
          4.594852645232703
        ]
      }
    },
    {
      "type": "Feature",
      "properties": {
        "id": 811,
        "codigo": "006519",
        "nombre": "MORAVIA"
      },
      "geometry": {
        "type": "Point",
        "coordinates": [
          -74.15532618314013,
          4.6782904592174
        ]
      }
    },
    {
      "type": "Feature",
      "properties": {
        "id": 812,
        "codigo": "001410",
        "nombre": "MARCO FIDEL SUAREZ"
      },
      "geometry": {
        "type": "Point",
        "coordinates": [
          -74.12066610265653,
          4.569206466371384
        ]
      }
    },
    {
      "type": "Feature",
      "properties": {
        "id": 813,
        "codigo": "004504",
        "nombre": "PROVIVIENDA"
      },
      "geometry": {
        "type": "Point",
        "coordinates": [
          -74.1370735260277,
          4.610908138272611
        ]
      }
    },
    {
      "type": "Feature",
      "properties": {
        "id": 814,
        "codigo": "107113",
        "nombre": "SANTA CECILIA DE SUBA I RURAL"
      },
      "geometry": {
        "type": "Point",
        "coordinates": [
          -74.12790106232838,
          4.738932400577439
        ]
      }
    },
    {
      "type": "Feature",
      "properties": {
        "id": 815,
        "codigo": "104108",
        "nombre": "LAS MERCEDES"
      },
      "geometry": {
        "type": "Point",
        "coordinates": [
          -74.18862800585678,
          4.405891275524904
        ]
      }
    },
    {
      "type": "Feature",
      "properties": {
        "id": 816,
        "codigo": "002409",
        "nombre": "NUEVO MUZU"
      },
      "geometry": {
        "type": "Point",
        "coordinates": [
          -74.14813219138358,
          4.587510523531859
        ]
      }
    },
    {
      "type": "Feature",
      "properties": {
        "id": 817,
        "codigo": "003210",
        "nombre": "RAMIREZ"
      },
      "geometry": {
        "type": "Point",
        "coordinates": [
          -74.07612735667728,
          4.582724766008855
        ]
      }
    },
    {
      "type": "Feature",
      "properties": {
        "id": 818,
        "codigo": "006210",
        "nombre": "CENTRO NARINO"
      },
      "geometry": {
        "type": "Point",
        "coordinates": [
          -74.08957212687895,
          4.628787029766754
        ]
      }
    },
    {
      "type": "Feature",
      "properties": {
        "id": 819,
        "codigo": "001405",
        "nombre": "VEINTE DE JULIO"
      },
      "geometry": {
        "type": "Point",
        "coordinates": [
          -74.09623305003366,
          4.570554527654846
        ]
      }
    },
    {
      "type": "Feature",
      "properties": {
        "id": 820,
        "codigo": "002421",
        "nombre": "RAFAEL ESCAMILLA"
      },
      "geometry": {
        "type": "Point",
        "coordinates": [
          -74.15986805829304,
          4.594179746211324
        ]
      }
    },
    {
      "type": "Feature",
      "properties": {
        "id": 821,
        "codigo": "005609",
        "nombre": "TABORA"
      },
      "geometry": {
        "type": "Point",
        "coordinates": [
          -74.0992318352645,
          4.694005688537328
        ]
      }
    },
    {
      "type": "Feature",
      "properties": {
        "id": 822,
        "codigo": "001419",
        "nombre": "CALLEJON SANTA BARBARA"
      },
      "geometry": {
        "type": "Point",
        "coordinates": [
          -74.11354692222302,
          4.557481668657322
        ]
      }
    },
    {
      "type": "Feature",
      "properties": {
        "id": 823,
        "codigo": "002441",
        "nombre": "LOS TRES REYES I"
      },
      "geometry": {
        "type": "Point",
        "coordinates": [
          -74.17878789670218,
          4.5871504775765946
        ]
      }
    },
    {
      "type": "Feature",
      "properties": {
        "id": 824,
        "codigo": "001202",
        "nombre": "CIUDAD BERNA"
      },
      "geometry": {
        "type": "Point",
        "coordinates": [
          -74.09127521674398,
          4.585062902169408
        ]
      }
    },
    {
      "type": "Feature",
      "properties": {
        "id": 825,
        "codigo": "008502",
        "nombre": "LA PRADERA NORTE"
      },
      "geometry": {
        "type": "Point",
        "coordinates": [
          -74.03447171747285,
          4.743913346902017
        ]
      }
    },
    {
      "type": "Feature",
      "properties": {
        "id": 826,
        "codigo": "009225",
        "nombre": "TIBABUYES UNIVERSAL"
      },
      "geometry": {
        "type": "Point",
        "coordinates": [
          -74.11123438576898,
          4.745985457383431
        ]
      }
    },
    {
      "type": "Feature",
      "properties": {
        "id": 827,
        "codigo": "006407",
        "nombre": "GUADUAL FONTIBON"
      },
      "geometry": {
        "type": "Point",
        "coordinates": [
          -74.14424602466744,
          4.667506735266702
        ]
      }
    },
    {
      "type": "Feature",
      "properties": {
        "id": 828,
        "codigo": "009211",
        "nombre": "EL POA"
      },
      "geometry": {
        "type": "Point",
        "coordinates": [
          -74.09437612894376,
          4.744024748852903
        ]
      }
    },
    {
      "type": "Feature",
      "properties": {
        "id": 829,
        "codigo": "104113",
        "nombre": "SANTA BARBARA"
      },
      "geometry": {
        "type": "Point",
        "coordinates": [
          -74.15012751252381,
          4.401529160224775
        ]
      }
    },
    {
      "type": "Feature",
      "properties": {
        "id": 830,
        "codigo": "001103",
        "nombre": "VITELMA"
      },
      "geometry": {
        "type": "Point",
        "coordinates": [
          -74.07707810582923,
          4.575928083534851
        ]
      }
    },
    {
      "type": "Feature",
      "properties": {
        "id": 831,
        "codigo": "001352",
        "nombre": "LAS GUACAMAYAS II"
      },
      "geometry": {
        "type": "Point",
        "coordinates": [
          -74.09857930216283,
          4.554600922223212
        ]
      }
    },
    {
      "type": "Feature",
      "properties": {
        "id": 832,
        "codigo": "008416",
        "nombre": "MOLINOS NORTE"
      },
      "geometry": {
        "type": "Point",
        "coordinates": [
          -74.04063139431031,
          4.6925607304906025
        ]
      }
    },
    {
      "type": "Feature",
      "properties": {
        "id": 833,
        "codigo": "005665",
        "nombre": "MARANDU"
      },
      "geometry": {
        "type": "Point",
        "coordinates": [
          -74.1331376906706,
          4.706562190726961
        ]
      }
    },
    {
      "type": "Feature",
      "properties": {
        "id": 834,
        "codigo": "005602",
        "nombre": "SANTA MARIA"
      },
      "geometry": {
        "type": "Point",
        "coordinates": [
          -74.0943054926735,
          4.6925645048797175
        ]
      }
    },
    {
      "type": "Feature",
      "properties": {
        "id": 835,
        "codigo": "004556",
        "nombre": "GRAN BRITALIA I"
      },
      "geometry": {
        "type": "Point",
        "coordinates": [
          -74.17109430328324,
          4.624339313074467
        ]
      }
    },
    {
      "type": "Feature",
      "properties": {
        "id": 836,
        "codigo": "005628",
        "nombre": "GARCES NAVAS ORIENTAL"
      },
      "geometry": {
        "type": "Point",
        "coordinates": [
          -74.11789791358092,
          4.710043437541164
        ]
      }
    },
    {
      "type": "Feature",
      "properties": {
        "id": 837,
        "codigo": "002551",
        "nombre": "ALASKA"
      },
      "geometry": {
        "type": "Point",
        "coordinates": [
          -74.11124776093816,
          4.529910595394088
        ]
      }
    },
    {
      "type": "Feature",
      "properties": {
        "id": 838,
        "codigo": "001111",
        "nombre": "SANTA ANA SUR"
      },
      "geometry": {
        "type": "Point",
        "coordinates": [
          -74.0852321585799,
          4.57699787257822
        ]
      }
    },
    {
      "type": "Feature",
      "properties": {
        "id": 839,
        "codigo": "009224",
        "nombre": "NUEVA TIBABUYES"
      },
      "geometry": {
        "type": "Point",
        "coordinates": [
          -74.10611330646394,
          4.734223075658852
        ]
      }
    },
    {
      "type": "Feature",
      "properties": {
        "id": 840,
        "codigo": "002528",
        "nombre": "SANTA LIBRADA NORTE"
      },
      "geometry": {
        "type": "Point",
        "coordinates": [
          -74.11372432013839,
          4.516997817471929
        ]
      }
    },
    {
      "type": "Feature",
      "properties": {
        "id": 841,
        "codigo": "001319",
        "nombre": "LA GLORIA ORIENTAL"
      },
      "geometry": {
        "type": "Point",
        "coordinates": [
          -74.09122172762791,
          4.545520747868843
        ]
      }
    },
    {
      "type": "Feature",
      "properties": {
        "id": 842,
        "codigo": "006525",
        "nombre": "EL CHANCO I"
      },
      "geometry": {
        "type": "Point",
        "coordinates": [
          -74.16393744691969,
          4.682361552938951
        ]
      }
    },
    {
      "type": "Feature",
      "properties": {
        "id": 843,
        "codigo": "006301",
        "nombre": "SANTA CECILIA"
      },
      "geometry": {
        "type": "Point",
        "coordinates": [
          -74.11958260642288,
          4.6731501244782105
        ]
      }
    },
    {
      "type": "Feature",
      "properties": {
        "id": 844,
        "codigo": "001330",
        "nombre": "CANADA O GUIRA"
      },
      "geometry": {
        "type": "Point",
        "coordinates": [
          -74.09905254246279,
          4.545315991799
        ]
      }
    },
    {
      "type": "Feature",
      "properties": {
        "id": 845,
        "codigo": "004646",
        "nombre": "EL CORZO II"
      },
      "geometry": {
        "type": "Point",
        "coordinates": [
          -74.197928640429,
          4.647656217094289
        ]
      }
    },
    {
      "type": "Feature",
      "properties": {
        "id": 846,
        "codigo": "108101",
        "nombre": "TORCA RURAL I"
      },
      "geometry": {
        "type": "Point",
        "coordinates": [
          -74.01786524027126,
          4.815451489319649
        ]
      }
    },
    {
      "type": "Feature",
      "properties": {
        "id": 847,
        "codigo": "002105",
        "nombre": "SANTANDER"
      },
      "geometry": {
        "type": "Point",
        "coordinates": [
          -74.10949038984809,
          4.592502853646577
        ]
      }
    },
    {
      "type": "Feature",
      "properties": {
        "id": 848,
        "codigo": "002523",
        "nombre": "LA ALAMEDA"
      },
      "geometry": {
        "type": "Point",
        "coordinates": [
          -74.13855679250061,
          4.549636420597529
        ]
      }
    },
    {
      "type": "Feature",
      "properties": {
        "id": 849,
        "codigo": "101302",
        "nombre": "MOLINO RURAL"
      },
      "geometry": {
        "type": "Point",
        "coordinates": [
          -74.06979570370797,
          4.569012136272495
        ]
      }
    },
    {
      "type": "Feature",
      "properties": {
        "id": 850,
        "codigo": "001332",
        "nombre": "VILLABEL"
      },
      "geometry": {
        "type": "Point",
        "coordinates": [
          -74.09529619332017,
          4.538672846138011
        ]
      }
    },
    {
      "type": "Feature",
      "properties": {
        "id": 851,
        "codigo": "008311",
        "nombre": "EL NOGAL"
      },
      "geometry": {
        "type": "Point",
        "coordinates": [
          -74.05242435408978,
          4.662553110169691
        ]
      }
    },
    {
      "type": "Feature",
      "properties": {
        "id": 852,
        "codigo": "004621",
        "nombre": "CHUCUA DE LA VACA I"
      },
      "geometry": {
        "type": "Point",
        "coordinates": [
          -74.16713317026117,
          4.624937931649232
        ]
      }
    },
    {
      "type": "Feature",
      "properties": {
        "id": 853,
        "codigo": "002460",
        "nombre": "ARBORIZADORA ALTA I"
      },
      "geometry": {
        "type": "Point",
        "coordinates": [
          -74.1563321344138,
          4.568356799437001
        ]
      }
    },
    {
      "type": "Feature",
      "properties": {
        "id": 854,
        "codigo": "004517",
        "nombre": "JACQUELINE"
      },
      "geometry": {
        "type": "Point",
        "coordinates": [
          -74.16356874275512,
          4.607858847386463
        ]
      }
    },
    {
      "type": "Feature",
      "properties": {
        "id": 855,
        "codigo": "004553",
        "nombre": "ANDALUCIA II"
      },
      "geometry": {
        "type": "Point",
        "coordinates": [
          -74.17894412386865,
          4.601684157304286
        ]
      }
    },
    {
      "type": "Feature",
      "properties": {
        "id": 856,
        "codigo": "009213",
        "nombre": "EL PINO"
      },
      "geometry": {
        "type": "Point",
        "coordinates": [
          -74.09109114357271,
          4.750093915535314
        ]
      }
    },
    {
      "type": "Feature",
      "properties": {
        "id": 857,
        "codigo": "004589",
        "nombre": "SAN PEDRO"
      },
      "geometry": {
        "type": "Point",
        "coordinates": [
          -74.19261364892265,
          4.620198340447912
        ]
      }
    },
    {
      "type": "Feature",
      "properties": {
        "id": 858,
        "codigo": "005204",
        "nombre": "SAN FERNANDO OCCIDENTAL"
      },
      "geometry": {
        "type": "Point",
        "coordinates": [
          -74.08166708048552,
          4.674437231246637
        ]
      }
    },
    {
      "type": "Feature",
      "properties": {
        "id": 859,
        "codigo": "001415",
        "nombre": "MARCO FIDEL SUAREZ I"
      },
      "geometry": {
        "type": "Point",
        "coordinates": [
          -74.12223970580834,
          4.566778675769951
        ]
      }
    },
    {
      "type": "Feature",
      "properties": {
        "id": 860,
        "codigo": "008108",
        "nombre": "SAMPER"
      },
      "geometry": {
        "type": "Point",
        "coordinates": [
          -74.06945409974344,
          4.618931047547349
        ]
      }
    },
    {
      "type": "Feature",
      "properties": {
        "id": 861,
        "codigo": "008404",
        "nombre": "BELLA SUIZA"
      },
      "geometry": {
        "type": "Point",
        "coordinates": [
          -74.03070368023275,
          4.707321052868465
        ]
      }
    },
    {
      "type": "Feature",
      "properties": {
        "id": 862,
        "codigo": "001363",
        "nombre": "COLMENA I LOS PINARES"
      },
      "geometry": {
        "type": "Point",
        "coordinates": [
          -74.08567998869444,
          4.536859267842194
        ]
      }
    },
    {
      "type": "Feature",
      "properties": {
        "id": 863,
        "codigo": "002558",
        "nombre": "VILLAS EL DIAMANTE"
      },
      "geometry": {
        "type": "Point",
        "coordinates": [
          -74.15375509456958,
          4.55052350674945
        ]
      }
    },
    {
      "type": "Feature",
      "properties": {
        "id": 864,
        "codigo": "104112",
        "nombre": "SANTA ROSA"
      },
      "geometry": {
        "type": "Point",
        "coordinates": [
          -74.16273975903688,
          4.399329685484086
        ]
      }
    },
    {
      "type": "Feature",
      "properties": {
        "id": 865,
        "codigo": "205318",
        "nombre": "SAN BERNARDINO XVIII"
      },
      "geometry": {
        "type": "Point",
        "coordinates": [
          -74.21146712571449,
          4.616265960282626
        ]
      }
    },
    {
      "type": "Feature",
      "properties": {
        "id": 866,
        "codigo": "008411",
        "nombre": "RINCON DEL CHICO"
      },
      "geometry": {
        "type": "Point",
        "coordinates": [
          -74.04529170037256,
          4.686916936124722
        ]
      }
    },
    {
      "type": "Feature",
      "properties": {
        "id": 867,
        "codigo": "008101",
        "nombre": "SAGRADO CORAZON"
      },
      "geometry": {
        "type": "Point",
        "coordinates": [
          -74.06768689528269,
          4.624715099080922
        ]
      }
    },
    {
      "type": "Feature",
      "properties": {
        "id": 868,
        "codigo": "004614",
        "nombre": "DINDALITO"
      },
      "geometry": {
        "type": "Point",
        "coordinates": [
          -74.17265641922613,
          4.635486912279306
        ]
      }
    },
    {
      "type": "Feature",
      "properties": {
        "id": 869,
        "codigo": "001302",
        "nombre": "MONTEBELLO"
      },
      "geometry": {
        "type": "Point",
        "coordinates": [
          -74.08983091496391,
          4.566736848400474
        ]
      }
    },
    {
      "type": "Feature",
      "properties": {
        "id": 870,
        "codigo": "001362",
        "nombre": "ARBOLEDA SANTA TERESITA"
      },
      "geometry": {
        "type": "Point",
        "coordinates": [
          -74.08577052725609,
          4.5269870038042095
        ]
      }
    },
    {
      "type": "Feature",
      "properties": {
        "id": 871,
        "codigo": "208111",
        "nombre": "SAN ISIDRO"
      },
      "geometry": {
        "type": "Point",
        "coordinates": [
          -74.01796928500949,
          4.6698309925776025
        ]
      }
    },
    {
      "type": "Feature",
      "properties": {
        "id": 872,
        "codigo": "005111",
        "nombre": "LA ESMERALDA"
      },
      "geometry": {
        "type": "Point",
        "coordinates": [
          -74.0907760237467,
          4.6472889373623305
        ]
      }
    },
    {
      "type": "Feature",
      "properties": {
        "id": 873,
        "codigo": "001414",
        "nombre": "MOLINOS DEL SUR"
      },
      "geometry": {
        "type": "Point",
        "coordinates": [
          -74.11868000898897,
          4.556499304004508
        ]
      }
    },
    {
      "type": "Feature",
      "properties": {
        "id": 874,
        "codigo": "004210",
        "nombre": "JORGE GAITAN CORTES"
      },
      "geometry": {
        "type": "Point",
        "coordinates": [
          -74.11126038099968,
          4.60753378327389
        ]
      }
    },
    {
      "type": "Feature",
      "properties": {
        "id": 875,
        "codigo": "002403",
        "nombre": "VENECIA OCCIDENTAL"
      },
      "geometry": {
        "type": "Point",
        "coordinates": [
          -74.14348108263991,
          4.591586425677602
        ]
      }
    },
    {
      "type": "Feature",
      "properties": {
        "id": 876,
        "codigo": "007207",
        "nombre": "GALERIAS"
      },
      "geometry": {
        "type": "Point",
        "coordinates": [
          -74.07493426131437,
          4.642595074206502
        ]
      }
    },
    {
      "type": "Feature",
      "properties": {
        "id": 877,
        "codigo": "004595",
        "nombre": "CHICO SUR"
      },
      "geometry": {
        "type": "Point",
        "coordinates": [
          -74.19323015623785,
          4.623715679405019
        ]
      }
    },
    {
      "type": "Feature",
      "properties": {
        "id": 878,
        "codigo": "205225",
        "nombre": "LAS ACACIAS RURAL"
      },
      "geometry": {
        "type": "Point",
        "coordinates": [
          -74.17879664505072,
          4.651380145979122
        ]
      }
    },
    {
      "type": "Feature",
      "properties": {
        "id": 879,
        "codigo": "009105",
        "nombre": "PRADO PINZON"
      },
      "geometry": {
        "type": "Point",
        "coordinates": [
          -74.05445479025664,
          4.7273839244788505
        ]
      }
    },
    {
      "type": "Feature",
      "properties": {
        "id": 880,
        "codigo": "009227",
        "nombre": "LECH WALESA"
      },
      "geometry": {
        "type": "Point",
        "coordinates": [
          -74.10130694924703,
          4.727992631656563
        ]
      }
    },
    {
      "type": "Feature",
      "properties": {
        "id": 881,
        "codigo": "008319",
        "nombre": "EL BAGAZAL"
      },
      "geometry": {
        "type": "Point",
        "coordinates": [
          -74.04704991517225,
          4.655743767119036
        ]
      }
    },
    {
      "type": "Feature",
      "properties": {
        "id": 882,
        "codigo": "002447",
        "nombre": "EL MIRADOR DE LA ESTANCIA"
      },
      "geometry": {
        "type": "Point",
        "coordinates": [
          -74.17851755909719,
          4.585172062534504
        ]
      }
    },
    {
      "type": "Feature",
      "properties": {
        "id": 883,
        "codigo": "008204",
        "nombre": "GRANADA"
      },
      "geometry": {
        "type": "Point",
        "coordinates": [
          -74.05574426808705,
          4.649349247753031
        ]
      }
    },
    {
      "type": "Feature",
      "properties": {
        "id": 884,
        "codigo": "007301",
        "nombre": "LA MERCED NORTE"
      },
      "geometry": {
        "type": "Point",
        "coordinates": [
          -74.07363920486938,
          4.664937377922357
        ]
      }
    },
    {
      "type": "Feature",
      "properties": {
        "id": 885,
        "codigo": "008535",
        "nombre": "BUENAVISTA"
      },
      "geometry": {
        "type": "Point",
        "coordinates": [
          -74.02603232131153,
          4.766583288271644
        ]
      }
    },
    {
      "type": "Feature",
      "properties": {
        "id": 886,
        "codigo": "004562",
        "nombre": "LLANO GRANDE"
      },
      "geometry": {
        "type": "Point",
        "coordinates": [
          -74.16345020446485,
          4.632821208750087
        ]
      }
    },
    {
      "type": "Feature",
      "properties": {
        "id": 887,
        "codigo": "004540",
        "nombre": "CATALINA II"
      },
      "geometry": {
        "type": "Point",
        "coordinates": [
          -74.17045720017866,
          4.606118701984265
        ]
      }
    },
    {
      "type": "Feature",
      "properties": {
        "id": 888,
        "codigo": "006518",
        "nombre": "OSORIO III"
      },
      "geometry": {
        "type": "Point",
        "coordinates": [
          -74.16619673331606,
          4.648598600901245
        ]
      }
    },
    {
      "type": "Feature",
      "properties": {
        "id": 889,
        "codigo": "005102",
        "nombre": "POPULAR MODELO"
      },
      "geometry": {
        "type": "Point",
        "coordinates": [
          -74.0816484117382,
          4.665874998412169
        ]
      }
    },
    {
      "type": "Feature",
      "properties": {
        "id": 890,
        "codigo": "208203",
        "nombre": "LA ESTRELLITA"
      },
      "geometry": {
        "type": "Point",
        "coordinates": [
          -74.02229160313674,
          4.762048936837647
        ]
      }
    },
    {
      "type": "Feature",
      "properties": {
        "id": 891,
        "codigo": "001102",
        "nombre": "BUENOS AIRES"
      },
      "geometry": {
        "type": "Point",
        "coordinates": [
          -74.08057055450892,
          4.579394579613791
        ]
      }
    },
    {
      "type": "Feature",
      "properties": {
        "id": 892,
        "codigo": "003109",
        "nombre": "VERACRUZ"
      },
      "geometry": {
        "type": "Point",
        "coordinates": [
          -74.07226262506792,
          4.603319427408677
        ]
      }
    },
    {
      "type": "Feature",
      "properties": {
        "id": 893,
        "codigo": "001422",
        "nombre": "DIANA TURBAY ARRAYANES"
      },
      "geometry": {
        "type": "Point",
        "coordinates": [
          -74.10665416992533,
          4.5447658818615135
        ]
      }
    },
    {
      "type": "Feature",
      "properties": {
        "id": 894,
        "codigo": "002412",
        "nombre": "VERONA"
      },
      "geometry": {
        "type": "Point",
        "coordinates": [
          -74.15666376695955,
          4.577453552670773
        ]
      }
    },
    {
      "type": "Feature",
      "properties": {
        "id": 895,
        "codigo": "002515",
        "nombre": "SAN FRANCISCO"
      },
      "geometry": {
        "type": "Point",
        "coordinates": [
          -74.14908309459591,
          4.56254580667944
        ]
      }
    },
    {
      "type": "Feature",
      "properties": {
        "id": 896,
        "codigo": "005509",
        "nombre": "SAN JOAQUIN"
      },
      "geometry": {
        "type": "Point",
        "coordinates": [
          -74.09899220495078,
          4.677538014693061
        ]
      }
    },
    {
      "type": "Feature",
      "properties": {
        "id": 897,
        "codigo": "008112",
        "nombre": "SUCRE"
      },
      "geometry": {
        "type": "Point",
        "coordinates": [
          -74.06642305367883,
          4.629624985073634
        ]
      }
    },
    {
      "type": "Feature",
      "properties": {
        "id": 898,
        "codigo": "008312",
        "nombre": "ESPARTILLAL"
      },
      "geometry": {
        "type": "Point",
        "coordinates": [
          -74.05579068711754,
          4.664148484520763
        ]
      }
    },
    {
      "type": "Feature",
      "properties": {
        "id": 899,
        "codigo": "005658",
        "nombre": "VILLA SAGRARIO"
      },
      "geometry": {
        "type": "Point",
        "coordinates": [
          -74.12144566314582,
          4.70458490786918
        ]
      }
    },
    {
      "type": "Feature",
      "properties": {
        "id": 900,
        "codigo": "009233",
        "nombre": "TIBABUYES"
      },
      "geometry": {
        "type": "Point",
        "coordinates": [
          -74.09986462859129,
          4.752437969413911
        ]
      }
    },
    {
      "type": "Feature",
      "properties": {
        "id": 901,
        "codigo": "002429",
        "nombre": "MARIA CANO"
      },
      "geometry": {
        "type": "Point",
        "coordinates": [
          -74.17609463578182,
          4.5898353219577785
        ]
      }
    },
    {
      "type": "Feature",
      "properties": {
        "id": 902,
        "codigo": "004302",
        "nombre": "SAN RAFAEL"
      },
      "geometry": {
        "type": "Point",
        "coordinates": [
          -74.11252653129606,
          4.621370916500357
        ]
      }
    },
    {
      "type": "Feature",
      "properties": {
        "id": 903,
        "codigo": "008518",
        "nombre": "CAOBOS SALAZAR"
      },
      "geometry": {
        "type": "Point",
        "coordinates": [
          -74.0363593118449,
          4.729389661165851
        ]
      }
    },
    {
      "type": "Feature",
      "properties": {
        "id": 904,
        "codigo": "004532",
        "nombre": "LA CECILIA"
      },
      "geometry": {
        "type": "Point",
        "coordinates": [
          -74.17496559750086,
          4.605550068681878
        ]
      }
    },
    {
      "type": "Feature",
      "properties": {
        "id": 905,
        "codigo": "008110",
        "nombre": "EL PARAISO"
      },
      "geometry": {
        "type": "Point",
        "coordinates": [
          -74.05921513530846,
          4.627233665108739
        ]
      }
    },
    {
      "type": "Feature",
      "properties": {
        "id": 906,
        "codigo": "007401",
        "nombre": "POLO CLUB"
      },
      "geometry": {
        "type": "Point",
        "coordinates": [
          -74.06221391900361,
          4.672852743963515
        ]
      }
    },
    {
      "type": "Feature",
      "properties": {
        "id": 907,
        "codigo": "002107",
        "nombre": "LA FRAGUA"
      },
      "geometry": {
        "type": "Point",
        "coordinates": [
          -74.10677876711857,
          4.59516600548389
        ]
      }
    },
    {
      "type": "Feature",
      "properties": {
        "id": 908,
        "codigo": "004209",
        "nombre": "SANTA MATILDE"
      },
      "geometry": {
        "type": "Point",
        "coordinates": [
          -74.10846954002912,
          4.601246392889867
        ]
      }
    },
    {
      "type": "Feature",
      "properties": {
        "id": 909,
        "codigo": "006529",
        "nombre": "EL VERGEL ORIENTAL"
      },
      "geometry": {
        "type": "Point",
        "coordinates": [
          -74.14379776439604,
          4.648523794065589
        ]
      }
    },
    {
      "type": "Feature",
      "properties": {
        "id": 910,
        "codigo": "006209",
        "nombre": "QUINTA PAREDES"
      },
      "geometry": {
        "type": "Point",
        "coordinates": [
          -74.0937973587207,
          4.634985572215685
        ]
      }
    },
    {
      "type": "Feature",
      "properties": {
        "id": 911,
        "codigo": "004526",
        "nombre": "BOSA NOVA"
      },
      "geometry": {
        "type": "Point",
        "coordinates": [
          -74.18915088031049,
          4.6192440959180825
        ]
      }
    },
    {
      "type": "Feature",
      "properties": {
        "id": 912,
        "codigo": "002640",
        "nombre": "EL PEDREGAL II"
      },
      "geometry": {
        "type": "Point",
        "coordinates": [
          -74.10989716399077,
          4.520079161590873
        ]
      }
    },
    {
      "type": "Feature",
      "properties": {
        "id": 913,
        "codigo": "102602",
        "nombre": "CENTRO USME RURAL I"
      },
      "geometry": {
        "type": "Point",
        "coordinates": [
          -74.12203468567247,
          4.476161356571575
        ]
      }
    },
    {
      "type": "Feature",
      "properties": {
        "id": 914,
        "codigo": "006211",
        "nombre": "CUNDINAMARCA"
      },
      "geometry": {
        "type": "Point",
        "coordinates": [
          -74.09035263209273,
          4.622138849603491
        ]
      }
    },
    {
      "type": "Feature",
      "properties": {
        "id": 915,
        "codigo": "008202",
        "nombre": "EMAUS"
      },
      "geometry": {
        "type": "Point",
        "coordinates": [
          -74.05501502231196,
          4.652804492046218
        ]
      }
    },
    {
      "type": "Feature",
      "properties": {
        "id": 916,
        "codigo": "002581",
        "nombre": "LA TORRE"
      },
      "geometry": {
        "type": "Point",
        "coordinates": [
          -74.16232463413036,
          4.541289439064645
        ]
      }
    },
    {
      "type": "Feature",
      "properties": {
        "id": 917,
        "codigo": "102122",
        "nombre": "LA REQUILINA RURAL"
      },
      "geometry": {
        "type": "Point",
        "coordinates": [
          -74.11558978118538,
          4.470262623936455
        ]
      }
    },
    {
      "type": "Feature",
      "properties": {
        "id": 918,
        "codigo": "005637",
        "nombre": "VILLA GLADYS"
      },
      "geometry": {
        "type": "Point",
        "coordinates": [
          -74.13738059170377,
          4.70758786241869
        ]
      }
    },
    {
      "type": "Feature",
      "properties": {
        "id": 919,
        "codigo": "008510",
        "nombre": "ACACIAS USAQUEN"
      },
      "geometry": {
        "type": "Point",
        "coordinates": [
          -74.03441838852541,
          4.723647067843557
        ]
      }
    },
    {
      "type": "Feature",
      "properties": {
        "id": 920,
        "codigo": "001321",
        "nombre": "SAN MARTIN SUR"
      },
      "geometry": {
        "type": "Point",
        "coordinates": [
          -74.09960040017988,
          4.5511562209600225
        ]
      }
    },
    {
      "type": "Feature",
      "properties": {
        "id": 921,
        "codigo": "002406",
        "nombre": "SAMORE"
      },
      "geometry": {
        "type": "Point",
        "coordinates": [
          -74.13263433204814,
          4.583034955641635
        ]
      }
    },
    {
      "type": "Feature",
      "properties": {
        "id": 922,
        "codigo": "006531",
        "nombre": "CIUDAD TECHO II"
      },
      "geometry": {
        "type": "Point",
        "coordinates": [
          -74.15120539285904,
          4.6402886567946915
        ]
      }
    },
    {
      "type": "Feature",
      "properties": {
        "id": 923,
        "codigo": "004104",
        "nombre": "LA ESTANZUELA"
      },
      "geometry": {
        "type": "Point",
        "coordinates": [
          -74.08773450684102,
          4.600045109092216
        ]
      }
    },
    {
      "type": "Feature",
      "properties": {
        "id": 924,
        "codigo": "002606",
        "nombre": "EL CURUBO"
      },
      "geometry": {
        "type": "Point",
        "coordinates": [
          -74.10462704691075,
          4.5110077651747
        ]
      }
    },
    {
      "type": "Feature",
      "properties": {
        "id": 925,
        "codigo": "005306",
        "nombre": "ENTRERIOS"
      },
      "geometry": {
        "type": "Point",
        "coordinates": [
          -74.07575996418974,
          4.682084693628454
        ]
      }
    },
    {
      "type": "Feature",
      "properties": {
        "id": 926,
        "codigo": "002577",
        "nombre": "DANUBIO II"
      },
      "geometry": {
        "type": "Point",
        "coordinates": [
          -74.11141336425109,
          4.5389788096712
        ]
      }
    },
    {
      "type": "Feature",
      "properties": {
        "id": 927,
        "codigo": "005501",
        "nombre": "PALO BLANCO"
      },
      "geometry": {
        "type": "Point",
        "coordinates": [
          -74.0943628494871,
          4.684110597465903
        ]
      }
    },
    {
      "type": "Feature",
      "properties": {
        "id": 928,
        "codigo": "103102",
        "nombre": "TAQUECITOS"
      },
      "geometry": {
        "type": "Point",
        "coordinates": [
          -74.21852236151257,
          4.177110520379699
        ]
      }
    },
    {
      "type": "Feature",
      "properties": {
        "id": 929,
        "codigo": "001115",
        "nombre": "MONTE CARLO"
      },
      "geometry": {
        "type": "Point",
        "coordinates": [
          -74.07151188252422,
          4.569293267591797
        ]
      }
    },
    {
      "type": "Feature",
      "properties": {
        "id": 930,
        "codigo": "003202",
        "nombre": "LAS CRUCES"
      },
      "geometry": {
        "type": "Point",
        "coordinates": [
          -74.08016229772149,
          4.587906380989924
        ]
      }
    },
    {
      "type": "Feature",
      "properties": {
        "id": 931,
        "codigo": "002520",
        "nombre": "LAS MANAS"
      },
      "geometry": {
        "type": "Point",
        "coordinates": [
          -74.16651557812713,
          4.567261688542346
        ]
      }
    },
    {
      "type": "Feature",
      "properties": {
        "id": 932,
        "codigo": "205102",
        "nombre": "VEREDA EL TINTAL"
      },
      "geometry": {
        "type": "Point",
        "coordinates": [
          -74.13816432882288,
          4.660637274966757
        ]
      }
    },
    {
      "type": "Feature",
      "properties": {
        "id": 933,
        "codigo": "005638",
        "nombre": "SANTA CECILIA"
      },
      "geometry": {
        "type": "Point",
        "coordinates": [
          -74.11130918748363,
          4.6778486498247505
        ]
      }
    },
    {
      "type": "Feature",
      "properties": {
        "id": 934,
        "codigo": "103101",
        "nombre": "SANTA ROSA ALTA"
      },
      "geometry": {
        "type": "Point",
        "coordinates": [
          -74.19689917151719,
          4.23914552853129
        ]
      }
    },
    {
      "type": "Feature",
      "properties": {
        "id": 935,
        "codigo": "002445",
        "nombre": "CARACOLI"
      },
      "geometry": {
        "type": "Point",
        "coordinates": [
          -74.1720970143517,
          4.57317051861092
        ]
      }
    },
    {
      "type": "Feature",
      "properties": {
        "id": 936,
        "codigo": "005503",
        "nombre": "BELLAVISTA OCCIDENTAL"
      },
      "geometry": {
        "type": "Point",
        "coordinates": [
          -74.08920334892731,
          4.676437724695329
        ]
      }
    },
    {
      "type": "Feature",
      "properties": {
        "id": 937,
        "codigo": "001418",
        "nombre": "MARRUECOS"
      },
      "geometry": {
        "type": "Point",
        "coordinates": [
          -74.11462261711291,
          4.553037820169895
        ]
      }
    },
    {
      "type": "Feature",
      "properties": {
        "id": 938,
        "codigo": "001328",
        "nombre": "SANTA RITA SUR ORIENTAL"
      },
      "geometry": {
        "type": "Point",
        "coordinates": [
          -74.0931427803873,
          4.538799333074078
        ]
      }
    },
    {
      "type": "Feature",
      "properties": {
        "id": 939,
        "codigo": "108109",
        "nombre": "PARAMO I"
      },
      "geometry": {
        "type": "Point",
        "coordinates": [
          -74.03250894225104,
          4.668250034803175
        ]
      }
    },
    {
      "type": "Feature",
      "properties": {
        "id": 940,
        "codigo": "007205",
        "nombre": "PALERMO"
      },
      "geometry": {
        "type": "Point",
        "coordinates": [
          -74.07191705085518,
          4.635020909873395
        ]
      }
    },
    {
      "type": "Feature",
      "properties": {
        "id": 941,
        "codigo": "008503",
        "nombre": "SANTA TERESA"
      },
      "geometry": {
        "type": "Point",
        "coordinates": [
          -74.02693846218565,
          4.744704789816044
        ]
      }
    },
    {
      "type": "Feature",
      "properties": {
        "id": 942,
        "codigo": "008105",
        "nombre": "LA MACARENA"
      },
      "geometry": {
        "type": "Point",
        "coordinates": [
          -74.06548793505037,
          4.614299944221278
        ]
      }
    },
    {
      "type": "Feature",
      "properties": {
        "id": 943,
        "codigo": "007209",
        "nombre": "ALFONSO LOPEZ"
      },
      "geometry": {
        "type": "Point",
        "coordinates": [
          -74.07351530880207,
          4.638854298532345
        ]
      }
    },
    {
      "type": "Feature",
      "properties": {
        "id": 944,
        "codigo": "009234",
        "nombre": "SABANA DE TIBABUYES NORTE"
      },
      "geometry": {
        "type": "Point",
        "coordinates": [
          -74.10699259569276,
          4.755784241055767
        ]
      }
    },
    {
      "type": "Feature",
      "properties": {
        "id": 945,
        "codigo": "202410",
        "nombre": "TOCAIMITA ORIENTAL"
      },
      "geometry": {
        "type": "Point",
        "coordinates": [
          -74.09477033750164,
          4.501940219737321
        ]
      }
    },
    {
      "type": "Feature",
      "properties": {
        "id": 946,
        "codigo": "109105",
        "nombre": "SANTO DOMINGO"
      },
      "geometry": {
        "type": "Point",
        "coordinates": [
          -74.34525291858435,
          4.007550590509502
        ]
      }
    },
    {
      "type": "Feature",
      "properties": {
        "id": 947,
        "codigo": "008527",
        "nombre": "EL CEREZO"
      },
      "geometry": {
        "type": "Point",
        "coordinates": [
          -74.0420105758392,
          4.765253919050734
        ]
      }
    },
    {
      "type": "Feature",
      "properties": {
        "id": 948,
        "codigo": "005114",
        "nombre": "CAMPO EUCARISTICO"
      },
      "geometry": {
        "type": "Point",
        "coordinates": [
          -74.09402722031051,
          4.65862798442635
        ]
      }
    },
    {
      "type": "Feature",
      "properties": {
        "id": 949,
        "codigo": "005624",
        "nombre": "AEROPUERTO EL DORADO"
      },
      "geometry": {
        "type": "Point",
        "coordinates": [
          -74.14263102305463,
          4.698660745742584
        ]
      }
    },
    {
      "type": "Feature",
      "properties": {
        "id": 950,
        "codigo": "009131",
        "nombre": "SANTA HELENA"
      },
      "geometry": {
        "type": "Point",
        "coordinates": [
          -74.06271337222199,
          4.7311200185602065
        ]
      }
    },
    {
      "type": "Feature",
      "properties": {
        "id": 951,
        "codigo": "008523",
        "nombre": "SAN ANTONIO NORTE"
      },
      "geometry": {
        "type": "Point",
        "coordinates": [
          -74.02814131655055,
          4.757481672987178
        ]
      }
    },
    {
      "type": "Feature",
      "properties": {
        "id": 952,
        "codigo": "003110",
        "nombre": "LA CATEDRAL"
      },
      "geometry": {
        "type": "Point",
        "coordinates": [
          -74.07355500398768,
          4.599570046773858
        ]
      }
    },
    {
      "type": "Feature",
      "properties": {
        "id": 953,
        "codigo": "008532",
        "nombre": "EL REDIL"
      },
      "geometry": {
        "type": "Point",
        "coordinates": [
          -74.02451745889086,
          4.752645012621663
        ]
      }
    },
    {
      "type": "Feature",
      "properties": {
        "id": 954,
        "codigo": "104119",
        "nombre": "CIUDAD BOLIVAR RURAL I"
      },
      "geometry": {
        "type": "Point",
        "coordinates": [
          -74.17238374884444,
          4.5463556811266
        ]
      }
    },
    {
      "type": "Feature",
      "properties": {
        "id": 955,
        "codigo": "005104",
        "nombre": "EL ROSARIO"
      },
      "geometry": {
        "type": "Point",
        "coordinates": [
          -74.08084191073189,
          4.655171147631991
        ]
      }
    },
    {
      "type": "Feature",
      "properties": {
        "id": 956,
        "codigo": "004520",
        "nombre": "LA PAZ BOSA"
      },
      "geometry": {
        "type": "Point",
        "coordinates": [
          -74.18567435996763,
          4.616485840336037
        ]
      }
    },
    {
      "type": "Feature",
      "properties": {
        "id": 957,
        "codigo": "008529",
        "nombre": "SAN JOSE DE USAQUEN"
      },
      "geometry": {
        "type": "Point",
        "coordinates": [
          -74.03289997037056,
          4.754671783175801
        ]
      }
    },
    {
      "type": "Feature",
      "properties": {
        "id": 958,
        "codigo": "009265",
        "nombre": "VEREDA SUBA CERROS II"
      },
      "geometry": {
        "type": "Point",
        "coordinates": [
          -74.07208013618815,
          4.7554625627360245
        ]
      }
    },
    {
      "type": "Feature",
      "properties": {
        "id": 959,
        "codigo": "005308",
        "nombre": "RIONEGRO"
      },
      "geometry": {
        "type": "Point",
        "coordinates": [
          -74.0656518393673,
          4.683025187976741
        ]
      }
    },
    {
      "type": "Feature",
      "properties": {
        "id": 960,
        "codigo": "004316",
        "nombre": "LAS MARGARITAS"
      },
      "geometry": {
        "type": "Point",
        "coordinates": [
          -74.17565761420246,
          4.63168678766067
        ]
      }
    },
    {
      "type": "Feature",
      "properties": {
        "id": 961,
        "codigo": "104128",
        "nombre": "EL MOCHUELO III"
      },
      "geometry": {
        "type": "Point",
        "coordinates": [
          -74.15078771962786,
          4.518070771175765
        ]
      }
    },
    {
      "type": "Feature",
      "properties": {
        "id": 962,
        "codigo": "001417",
        "nombre": "LOS MOLINOS"
      },
      "geometry": {
        "type": "Point",
        "coordinates": [
          -74.10964167022253,
          4.555672471392867
        ]
      }
    },
    {
      "type": "Feature",
      "properties": {
        "id": 963,
        "codigo": "201109",
        "nombre": "INGEMAR I"
      },
      "geometry": {
        "type": "Point",
        "coordinates": [
          -74.05485309718674,
          4.639154045596397
        ]
      }
    },
    {
      "type": "Feature",
      "properties": {
        "id": 964,
        "codigo": "004108",
        "nombre": "SANTA ISABEL"
      },
      "geometry": {
        "type": "Point",
        "coordinates": [
          -74.09944592307227,
          4.600046794728708
        ]
      }
    },
    {
      "type": "Feature",
      "properties": {
        "id": 965,
        "codigo": "006201",
        "nombre": "EL RECUERDO"
      },
      "geometry": {
        "type": "Point",
        "coordinates": [
          -74.08712297659824,
          4.631410494893539
        ]
      }
    },
    {
      "type": "Feature",
      "properties": {
        "id": 966,
        "codigo": "002518",
        "nombre": "RONDA"
      },
      "geometry": {
        "type": "Point",
        "coordinates": [
          -74.1411128623788,
          4.565540921955687
        ]
      }
    },
    {
      "type": "Feature",
      "properties": {
        "id": 967,
        "codigo": "102211",
        "nombre": "LILIANA"
      },
      "geometry": {
        "type": "Point",
        "coordinates": [
          -74.09114387453607,
          4.5081565640025945
        ]
      }
    },
    {
      "type": "Feature",
      "properties": {
        "id": 968,
        "codigo": "004304",
        "nombre": "GALAN"
      },
      "geometry": {
        "type": "Point",
        "coordinates": [
          -74.12170744627728,
          4.617950663195513
        ]
      }
    },
    {
      "type": "Feature",
      "properties": {
        "id": 969,
        "codigo": "004617",
        "nombre": "TINTALITO"
      },
      "geometry": {
        "type": "Point",
        "coordinates": [
          -74.1707683417571,
          4.630390842471529
        ]
      }
    },
    {
      "type": "Feature",
      "properties": {
        "id": 970,
        "codigo": "001401",
        "nombre": "SAN JOSE SUR"
      },
      "geometry": {
        "type": "Point",
        "coordinates": [
          -74.10164333301032,
          4.57780625666494
        ]
      }
    },
    {
      "type": "Feature",
      "properties": {
        "id": 971,
        "codigo": "009112",
        "nombre": "NIZA SUBA"
      },
      "geometry": {
        "type": "Point",
        "coordinates": [
          -74.07828945960229,
          4.719698321491629
        ]
      }
    },
    {
      "type": "Feature",
      "properties": {
        "id": 972,
        "codigo": "004405",
        "nombre": "OSPINA PEREZ SUR"
      },
      "geometry": {
        "type": "Point",
        "coordinates": [
          -74.1320233335382,
          4.5960722504802725
        ]
      }
    },
    {
      "type": "Feature",
      "properties": {
        "id": 973,
        "codigo": "005621",
        "nombre": "FLORIDA BLANCA"
      },
      "geometry": {
        "type": "Point",
        "coordinates": [
          -74.11246174024957,
          4.694316179968447
        ]
      }
    },
    {
      "type": "Feature",
      "properties": {
        "id": 974,
        "codigo": "008545",
        "nombre": "MIRADOR DEL NORTE"
      },
      "geometry": {
        "type": "Point",
        "coordinates": [
          -74.02065630109168,
          4.764716844461108
        ]
      }
    },
    {
      "type": "Feature",
      "properties": {
        "id": 975,
        "codigo": "002419",
        "nombre": "RINCON DE LA VALVANERA"
      },
      "geometry": {
        "type": "Point",
        "coordinates": [
          -74.16276394747787,
          4.592603748049888
        ]
      }
    },
    {
      "type": "Feature",
      "properties": {
        "id": 976,
        "codigo": "009203",
        "nombre": "PUERTA DEL SOL"
      },
      "geometry": {
        "type": "Point",
        "coordinates": [
          -74.1013763248247,
          4.7445270254782885
        ]
      }
    },
    {
      "type": "Feature",
      "properties": {
        "id": 977,
        "codigo": "002202",
        "nombre": "QUIROGA"
      },
      "geometry": {
        "type": "Point",
        "coordinates": [
          -74.11329696869657,
          4.580207080479682
        ]
      }
    },
    {
      "type": "Feature",
      "properties": {
        "id": 978,
        "codigo": "004578",
        "nombre": "VILLA NELLY III SECTOR"
      },
      "geometry": {
        "type": "Point",
        "coordinates": [
          -74.16228973466953,
          4.62449391065924
        ]
      }
    },
    {
      "type": "Feature",
      "properties": {
        "id": 979,
        "codigo": "005630",
        "nombre": "CIUDAD BACHUE"
      },
      "geometry": {
        "type": "Point",
        "coordinates": [
          -74.10128410463209,
          4.718330281637651
        ]
      }
    },
    {
      "type": "Feature",
      "properties": {
        "id": 980,
        "codigo": "008213",
        "nombre": "CHAPINERO CENTRAL"
      },
      "geometry": {
        "type": "Point",
        "coordinates": [
          -74.06352119079503,
          4.644708552713418
        ]
      }
    },
    {
      "type": "Feature",
      "properties": {
        "id": 981,
        "codigo": "002433",
        "nombre": "EL PENON DEL CORTIJO"
      },
      "geometry": {
        "type": "Point",
        "coordinates": [
          -74.16604922676866,
          4.584358275075177
        ]
      }
    },
    {
      "type": "Feature",
      "properties": {
        "id": 982,
        "codigo": "002438",
        "nombre": "SIERRA MORENA"
      },
      "geometry": {
        "type": "Point",
        "coordinates": [
          -74.16364121942205,
          4.579599327504196
        ]
      }
    },
    {
      "type": "Feature",
      "properties": {
        "id": 983,
        "codigo": "004307",
        "nombre": "SAN GABRIEL"
      },
      "geometry": {
        "type": "Point",
        "coordinates": [
          -74.11802778110133,
          4.62301998515903
        ]
      }
    },
    {
      "type": "Feature",
      "properties": {
        "id": 984,
        "codigo": "001207",
        "nombre": "NARINO SUR"
      },
      "geometry": {
        "type": "Point",
        "coordinates": [
          -74.08773861594828,
          4.581599724492159
        ]
      }
    },
    {
      "type": "Feature",
      "properties": {
        "id": 985,
        "codigo": "103204",
        "nombre": "LAGUNA VERDE"
      },
      "geometry": {
        "type": "Point",
        "coordinates": [
          -74.16101227198668,
          4.1860692491152935
        ]
      }
    },
    {
      "type": "Feature",
      "properties": {
        "id": 986,
        "codigo": "004505",
        "nombre": "PROVIVIENDA OCCIDENTAL"
      },
      "geometry": {
        "type": "Point",
        "coordinates": [
          -74.14442677313933,
          4.614115899266954
        ]
      }
    },
    {
      "type": "Feature",
      "properties": {
        "id": 987,
        "codigo": "002307",
        "nombre": "INGLES"
      },
      "geometry": {
        "type": "Point",
        "coordinates": [
          -74.12327987381943,
          4.584302354380277
        ]
      }
    },
    {
      "type": "Feature",
      "properties": {
        "id": 988,
        "codigo": "102502",
        "nombre": "EL UVAL RURAL"
      },
      "geometry": {
        "type": "Point",
        "coordinates": [
          -74.09863379884543,
          4.47044699660741
        ]
      }
    },
    {
      "type": "Feature",
      "properties": {
        "id": 989,
        "codigo": "008525",
        "nombre": "LA URIBE"
      },
      "geometry": {
        "type": "Point",
        "coordinates": [
          -74.04058666814088,
          4.752188705822002
        ]
      }
    },
    {
      "type": "Feature",
      "properties": {
        "id": 990,
        "codigo": "002631",
        "nombre": "EL NEVADO"
      },
      "geometry": {
        "type": "Point",
        "coordinates": [
          -74.11140177842177,
          4.5273723166834685
        ]
      }
    },
    {
      "type": "Feature",
      "properties": {
        "id": 991,
        "codigo": "009243",
        "nombre": "LAS MERCEDES I"
      },
      "geometry": {
        "type": "Point",
        "coordinates": [
          -74.09142825082176,
          4.758577285161797
        ]
      }
    },
    {
      "type": "Feature",
      "properties": {
        "id": 992,
        "codigo": "004109",
        "nombre": "VERAGUAS"
      },
      "geometry": {
        "type": "Point",
        "coordinates": [
          -74.09741149884108,
          4.603163456174368
        ]
      }
    },
    {
      "type": "Feature",
      "properties": {
        "id": 993,
        "codigo": "009142",
        "nombre": "CONEJERA"
      },
      "geometry": {
        "type": "Point",
        "coordinates": [
          -74.06337311600629,
          4.803420574149029
        ]
      }
    },
    {
      "type": "Feature",
      "properties": {
        "id": 994,
        "codigo": "005201",
        "nombre": "JORGE ELIECER GAITAN"
      },
      "geometry": {
        "type": "Point",
        "coordinates": [
          -74.07263495591359,
          4.675294498679053
        ]
      }
    },
    {
      "type": "Feature",
      "properties": {
        "id": 995,
        "codigo": "004110",
        "nombre": "LA PEPITA"
      },
      "geometry": {
        "type": "Point",
        "coordinates": [
          -74.08965532139867,
          4.6048317209737775
        ]
      }
    },
    {
      "type": "Feature",
      "properties": {
        "id": 996,
        "codigo": "004106",
        "nombre": "EL VERGEL"
      },
      "geometry": {
        "type": "Point",
        "coordinates": [
          -74.0956405377477,
          4.596665866638353
        ]
      }
    },
    {
      "type": "Feature",
      "properties": {
        "id": 997,
        "codigo": "001325",
        "nombre": "JUAN REY (LA PAZ)"
      },
      "geometry": {
        "type": "Point",
        "coordinates": [
          -74.0898702466389,
          4.524911938265466
        ]
      }
    },
    {
      "type": "Feature",
      "properties": {
        "id": 998,
        "codigo": "009114",
        "nombre": "GILMAR"
      },
      "geometry": {
        "type": "Point",
        "coordinates": [
          -74.06482094753753,
          4.744824119015555
        ]
      }
    },
    {
      "type": "Feature",
      "properties": {
        "id": 999,
        "codigo": "001336",
        "nombre": "JUAN JOSE RONDON I"
      },
      "geometry": {
        "type": "Point",
        "coordinates": [
          -74.0865416724241,
          4.498801980036618
        ]
      }
    },
    {
      "type": "Feature",
      "properties": {
        "id": 1000,
        "codigo": "007204",
        "nombre": "QUESADA"
      },
      "geometry": {
        "type": "Point",
        "coordinates": [
          -74.06820052875038,
          4.6386296736214465
        ]
      }
    },
    {
      "type": "Feature",
      "properties": {
        "id": 1001,
        "codigo": "009246",
        "nombre": "DELMONTE"
      },
      "geometry": {
        "type": "Point",
        "coordinates": [
          -74.07405911297018,
          4.758918048373108
        ]
      }
    },
    {
      "type": "Feature",
      "properties": {
        "id": 1002,
        "codigo": "005620",
        "nombre": "FLORENCIA"
      },
      "geometry": {
        "type": "Point",
        "coordinates": [
          -74.108600629687,
          4.7001154820103235
        ]
      }
    },
    {
      "type": "Feature",
      "properties": {
        "id": 1003,
        "codigo": "005105",
        "nombre": "CAMPIN OCCIDENTAL"
      },
      "geometry": {
        "type": "Point",
        "coordinates": [
          -74.07971412764367,
          4.648878287532922
        ]
      }
    },
    {
      "type": "Feature",
      "properties": {
        "id": 1004,
        "codigo": "008522",
        "nombre": "EL ROCIO NORTE"
      },
      "geometry": {
        "type": "Point",
        "coordinates": [
          -74.02877262960402,
          4.759533887726148
        ]
      }
    },
    {
      "type": "Feature",
      "properties": {
        "id": 1005,
        "codigo": "006212",
        "nombre": "SALAZAR GOMEZ"
      },
      "geometry": {
        "type": "Point",
        "coordinates": [
          -74.11606354925158,
          4.631407244223242
        ]
      }
    },
    {
      "type": "Feature",
      "properties": {
        "id": 1006,
        "codigo": "006103",
        "nombre": "SANTA FE"
      },
      "geometry": {
        "type": "Point",
        "coordinates": [
          -74.07731096876769,
          4.615872871344992
        ]
      }
    },
    {
      "type": "Feature",
      "properties": {
        "id": 1007,
        "codigo": "006403",
        "nombre": "SAN JOSE DE FONTIBON"
      },
      "geometry": {
        "type": "Point",
        "coordinates": [
          -74.13178329876978,
          4.6836843924715685
        ]
      }
    },
    {
      "type": "Feature",
      "properties": {
        "id": 1008,
        "codigo": "009120",
        "nombre": "NUEVA ZELANDIA"
      },
      "geometry": {
        "type": "Point",
        "coordinates": [
          -74.04890029283462,
          4.758636307155517
        ]
      }
    },
    {
      "type": "Feature",
      "properties": {
        "id": 1009,
        "codigo": "002439",
        "nombre": "SIERRA MORENA"
      },
      "geometry": {
        "type": "Point",
        "coordinates": [
          -74.16739812213969,
          4.5801917724740635
        ]
      }
    },
    {
      "type": "Feature",
      "properties": {
        "id": 1010,
        "codigo": "001203",
        "nombre": "CARACAS"
      },
      "geometry": {
        "type": "Point",
        "coordinates": [
          -74.09305897237451,
          4.583268121173851
        ]
      }
    },
    {
      "type": "Feature",
      "properties": {
        "id": 1011,
        "codigo": "004598",
        "nombre": "VILLA ANNY I"
      },
      "geometry": {
        "type": "Point",
        "coordinates": [
          -74.2030310379071,
          4.603383851180813
        ]
      }
    },
    {
      "type": "Feature",
      "properties": {
        "id": 1012,
        "codigo": "001337",
        "nombre": "SAN PEDRO SUR"
      },
      "geometry": {
        "type": "Point",
        "coordinates": [
          -74.08644406013403,
          4.507272436963221
        ]
      }
    },
    {
      "type": "Feature",
      "properties": {
        "id": 1013,
        "codigo": "005304",
        "nombre": "LA CASTELLANA"
      },
      "geometry": {
        "type": "Point",
        "coordinates": [
          -74.06113411971002,
          4.68317504030975
        ]
      }
    },
    {
      "type": "Feature",
      "properties": {
        "id": 1014,
        "codigo": "001101",
        "nombre": "LAS BRISAS"
      },
      "geometry": {
        "type": "Point",
        "coordinates": [
          -74.081626636683,
          4.583220394409487
        ]
      }
    },
    {
      "type": "Feature",
      "properties": {
        "id": 1015,
        "codigo": "008310",
        "nombre": "EL RETIRO"
      },
      "geometry": {
        "type": "Point",
        "coordinates": [
          -74.05174479654644,
          4.666684542094857
        ]
      }
    },
    {
      "type": "Feature",
      "properties": {
        "id": 1016,
        "codigo": "004616",
        "nombre": "OSORIO X URBANO"
      },
      "geometry": {
        "type": "Point",
        "coordinates": [
          -74.18397732964438,
          4.639697116128645
        ]
      }
    },
    {
      "type": "Feature",
      "properties": {
        "id": 1017,
        "codigo": "006528",
        "nombre": "EL VERGEL"
      },
      "geometry": {
        "type": "Point",
        "coordinates": [
          -74.13543857942888,
          4.656120403456603
        ]
      }
    },
    {
      "type": "Feature",
      "properties": {
        "id": 1018,
        "codigo": "001104",
        "nombre": "MOLINOS DE ORIENTE"
      },
      "geometry": {
        "type": "Point",
        "coordinates": [
          -74.06939750616164,
          4.567726847622935
        ]
      }
    },
    {
      "type": "Feature",
      "properties": {
        "id": 1019,
        "codigo": "102910",
        "nombre": "ARRAYAN"
      },
      "geometry": {
        "type": "Point",
        "coordinates": [
          -74.1276947541062,
          4.330838248147633
        ]
      }
    },
    {
      "type": "Feature",
      "properties": {
        "id": 1020,
        "codigo": "201110",
        "nombre": "INGEMAR ORIENTAL I"
      },
      "geometry": {
        "type": "Point",
        "coordinates": [
          -74.05150043571444,
          4.644510587955505
        ]
      }
    },
    {
      "type": "Feature",
      "properties": {
        "id": 1021,
        "codigo": "202506",
        "nombre": "EL NUEVO PORTAL II RURAL"
      },
      "geometry": {
        "type": "Point",
        "coordinates": [
          -74.09621881508431,
          4.489402457710132
        ]
      }
    },
    {
      "type": "Feature",
      "properties": {
        "id": 1022,
        "codigo": "004631",
        "nombre": "EL CORZO"
      },
      "geometry": {
        "type": "Point",
        "coordinates": [
          -74.18952246534616,
          4.636164207605115
        ]
      }
    },
    {
      "type": "Feature",
      "properties": {
        "id": 1023,
        "codigo": "208107",
        "nombre": "LA ESPERANZA"
      },
      "geometry": {
        "type": "Point",
        "coordinates": [
          -74.02453968163698,
          4.664577486775521
        ]
      }
    },
    {
      "type": "Feature",
      "properties": {
        "id": 1024,
        "codigo": "102407",
        "nombre": "TIBAQUE SUR"
      },
      "geometry": {
        "type": "Point",
        "coordinates": [
          -74.09030058368471,
          4.504122830710526
        ]
      }
    },
    {
      "type": "Feature",
      "properties": {
        "id": 1025,
        "codigo": "105105",
        "nombre": "VEREDA EL TINTAL RURAL"
      },
      "geometry": {
        "type": "Point",
        "coordinates": [
          -74.14359167182727,
          4.658510568299975
        ]
      }
    },
    {
      "type": "Feature",
      "properties": {
        "id": 1026,
        "codigo": "101201",
        "nombre": "HOYA TEUSACA"
      },
      "geometry": {
        "type": "Point",
        "coordinates": [
          -74.01642138775817,
          4.601360153543126
        ]
      }
    },
    {
      "type": "Feature",
      "properties": {
        "id": 1027,
        "codigo": "003107",
        "nombre": "SANTA INES"
      },
      "geometry": {
        "type": "Point",
        "coordinates": [
          -74.08103657088994,
          4.598846499246786
        ]
      }
    },
    {
      "type": "Feature",
      "properties": {
        "id": 1028,
        "codigo": "201105",
        "nombre": "EL REFUGIO I"
      },
      "geometry": {
        "type": "Point",
        "coordinates": [
          -74.04152260748293,
          4.668303824583717
        ]
      }
    },
    {
      "type": "Feature",
      "properties": {
        "id": 1029,
        "codigo": "001331",
        "nombre": "ALTOS DEL ZUQUE"
      },
      "geometry": {
        "type": "Point",
        "coordinates": [
          -74.07914389768045,
          4.542073451991988
        ]
      }
    },
    {
      "type": "Feature",
      "properties": {
        "id": 1030,
        "codigo": "008221",
        "nombre": "SIBERIA URBANO"
      },
      "geometry": {
        "type": "Point",
        "coordinates": [
          -74.05776288065893,
          4.631240824492371
        ]
      }
    },
    {
      "type": "Feature",
      "properties": {
        "id": 1031,
        "codigo": "002513",
        "nombre": "LAS ACACIAS"
      },
      "geometry": {
        "type": "Point",
        "coordinates": [
          -74.14420117054385,
          4.562728662426405
        ]
      }
    },
    {
      "type": "Feature",
      "properties": {
        "id": 1032,
        "codigo": "001318",
        "nombre": "QUINDIO"
      },
      "geometry": {
        "type": "Point",
        "coordinates": [
          -74.08024892877907,
          4.538096622443382
        ]
      }
    },
    {
      "type": "Feature",
      "properties": {
        "id": 1033,
        "codigo": "004632",
        "nombre": "LA CABANA"
      },
      "geometry": {
        "type": "Point",
        "coordinates": [
          -74.19152731245421,
          4.632509190276899
        ]
      }
    },
    {
      "type": "Feature",
      "properties": {
        "id": 1034,
        "codigo": "002410",
        "nombre": "PARQUE EL TUNAL"
      },
      "geometry": {
        "type": "Point",
        "coordinates": [
          -74.13590813869979,
          4.571731825526881
        ]
      }
    },
    {
      "type": "Feature",
      "properties": {
        "id": 1035,
        "codigo": "002614",
        "nombre": "LA ORQUIDEA DE USME"
      },
      "geometry": {
        "type": "Point",
        "coordinates": [
          -74.1068624012017,
          4.4957388080102305
        ]
      }
    },
    {
      "type": "Feature",
      "properties": {
        "id": 1036,
        "codigo": "001420",
        "nombre": "EL PLAYON"
      },
      "geometry": {
        "type": "Point",
        "coordinates": [
          -74.12120536714967,
          4.561102142362326
        ]
      }
    },
    {
      "type": "Feature",
      "properties": {
        "id": 1037,
        "codigo": "001350",
        "nombre": "YOMASA"
      },
      "geometry": {
        "type": "Point",
        "coordinates": [
          -74.09244149266281,
          4.520887526402432
        ]
      }
    },
    {
      "type": "Feature",
      "properties": {
        "id": 1038,
        "codigo": "008215",
        "nombre": "INGEMAR"
      },
      "geometry": {
        "type": "Point",
        "coordinates": [
          -74.05789336247443,
          4.6403483291867555
        ]
      }
    },
    {
      "type": "Feature",
      "properties": {
        "id": 1039,
        "codigo": "006402",
        "nombre": "LA CABANA FONTIBON"
      },
      "geometry": {
        "type": "Point",
        "coordinates": [
          -74.1388312185537,
          4.682030845310938
        ]
      }
    },
    {
      "type": "Feature",
      "properties": {
        "id": 1040,
        "codigo": "102406",
        "nombre": "EL BOSQUE CENTRAL"
      },
      "geometry": {
        "type": "Point",
        "coordinates": [
          -74.09693509127074,
          4.504636355570319
        ]
      }
    },
    {
      "type": "Feature",
      "properties": {
        "id": 1041,
        "codigo": "009124",
        "nombre": "PUENTE LARGO"
      },
      "geometry": {
        "type": "Point",
        "coordinates": [
          -74.06631895577641,
          4.6970115786099225
        ]
      }
    },
    {
      "type": "Feature",
      "properties": {
        "id": 1042,
        "codigo": "005401",
        "nombre": "POTOSI"
      },
      "geometry": {
        "type": "Point",
        "coordinates": [
          -74.07836242151178,
          4.69906978961549
        ]
      }
    },
    {
      "type": "Feature",
      "properties": {
        "id": 1043,
        "codigo": "102312",
        "nombre": "CIUDAD LONDRES RURAL"
      },
      "geometry": {
        "type": "Point",
        "coordinates": [
          -74.08435725132848,
          4.517079692903241
        ]
      }
    },
    {
      "type": "Feature",
      "properties": {
        "id": 1044,
        "codigo": "004554",
        "nombre": "PATIO BONITO"
      },
      "geometry": {
        "type": "Point",
        "coordinates": [
          -74.1612717292371,
          4.63928692357756
        ]
      }
    },
    {
      "type": "Feature",
      "properties": {
        "id": 1045,
        "codigo": "109102",
        "nombre": "SAN ANTONIO"
      },
      "geometry": {
        "type": "Point",
        "coordinates": [
          -74.30414350699499,
          4.095611249801306
        ]
      }
    },
    {
      "type": "Feature",
      "properties": {
        "id": 1046,
        "codigo": "202513",
        "nombre": "EL UVAL II"
      },
      "geometry": {
        "type": "Point",
        "coordinates": [
          -74.11641082325298,
          4.484150060421344
        ]
      }
    },
    {
      "type": "Feature",
      "properties": {
        "id": 1047,
        "codigo": "005203",
        "nombre": "SAN FERNANDO"
      },
      "geometry": {
        "type": "Point",
        "coordinates": [
          -74.07781584080398,
          4.669708723310018
        ]
      }
    },
    {
      "type": "Feature",
      "properties": {
        "id": 1048,
        "codigo": "007203",
        "nombre": "CHAPINERO OCCIDENTAL"
      },
      "geometry": {
        "type": "Point",
        "coordinates": [
          -74.06686067818359,
          4.64566629458922
        ]
      }
    },
    {
      "type": "Feature",
      "properties": {
        "id": 1049,
        "codigo": "008420",
        "nombre": "PARAMO URBANO I"
      },
      "geometry": {
        "type": "Point",
        "coordinates": [
          -74.02269126169652,
          4.703803100578905
        ]
      }
    },
    {
      "type": "Feature",
      "properties": {
        "id": 1050,
        "codigo": "004549",
        "nombre": "NUEVA YORK"
      },
      "geometry": {
        "type": "Point",
        "coordinates": [
          -74.14048950391204,
          4.605545128523503
        ]
      }
    },
    {
      "type": "Feature",
      "properties": {
        "id": 1051,
        "codigo": "002101",
        "nombre": "LA FRAGUITA"
      },
      "geometry": {
        "type": "Point",
        "coordinates": [
          -74.0995506200077,
          4.593101946331741
        ]
      }
    },
    {
      "type": "Feature",
      "properties": {
        "id": 1052,
        "codigo": "002634",
        "nombre": "EL TUNO"
      },
      "geometry": {
        "type": "Point",
        "coordinates": [
          -74.11081662957459,
          4.4861485436500015
        ]
      }
    },
    {
      "type": "Feature",
      "properties": {
        "id": 1053,
        "codigo": "103202",
        "nombre": "EL ITSMO"
      },
      "geometry": {
        "type": "Point",
        "coordinates": [
          -74.17556546877658,
          4.211522809414573
        ]
      }
    },
    {
      "type": "Feature",
      "properties": {
        "id": 1054,
        "codigo": "001315",
        "nombre": "ALTAMIRA"
      },
      "geometry": {
        "type": "Point",
        "coordinates": [
          -74.08568940473374,
          4.542117787425202
        ]
      }
    },
    {
      "type": "Feature",
      "properties": {
        "id": 1055,
        "codigo": "009103",
        "nombre": "CANTAGALLO"
      },
      "geometry": {
        "type": "Point",
        "coordinates": [
          -74.05346952044441,
          4.742212728240081
        ]
      }
    },
    {
      "type": "Feature",
      "properties": {
        "id": 1056,
        "codigo": "109103",
        "nombre": "LAS VEGAS"
      },
      "geometry": {
        "type": "Point",
        "coordinates": [
          -74.2608200428752,
          4.015871611887001
        ]
      }
    },
    {
      "type": "Feature",
      "properties": {
        "id": 1057,
        "codigo": "006521",
        "nombre": "SABANA GRANDE"
      },
      "geometry": {
        "type": "Point",
        "coordinates": [
          -74.15219461664864,
          4.667388016794314
        ]
      }
    },
    {
      "type": "Feature",
      "properties": {
        "id": 1058,
        "codigo": "101103",
        "nombre": "INGEMAR ORIENTAL RURAL"
      },
      "geometry": {
        "type": "Point",
        "coordinates": [
          -74.04189994326434,
          4.6354000670583755
        ]
      }
    },
    {
      "type": "Feature",
      "properties": {
        "id": 1059,
        "codigo": "005675",
        "nombre": "BOLIVIA"
      },
      "geometry": {
        "type": "Point",
        "coordinates": [
          -74.12704406644109,
          4.707364997860114
        ]
      }
    },
    {
      "type": "Feature",
      "properties": {
        "id": 1060,
        "codigo": "004306",
        "nombre": "LA TRINIDAD"
      },
      "geometry": {
        "type": "Point",
        "coordinates": [
          -74.11810835771293,
          4.625635932174781
        ]
      }
    },
    {
      "type": "Feature",
      "properties": {
        "id": 1061,
        "codigo": "004527",
        "nombre": "NUEVA GRANADA BOSA"
      },
      "geometry": {
        "type": "Point",
        "coordinates": [
          -74.19240541632297,
          4.600408397335002
        ]
      }
    },
    {
      "type": "Feature",
      "properties": {
        "id": 1062,
        "codigo": "001307",
        "nombre": "RAMAJAL"
      },
      "geometry": {
        "type": "Point",
        "coordinates": [
          -74.08209957880374,
          4.559761296912333
        ]
      }
    },
    {
      "type": "Feature",
      "properties": {
        "id": 1063,
        "codigo": "201317",
        "nombre": "TIBAQUE III"
      },
      "geometry": {
        "type": "Point",
        "coordinates": [
          -74.07197327022574,
          4.5655019200466675
        ]
      }
    },
    {
      "type": "Feature",
      "properties": {
        "id": 1064,
        "codigo": "103108",
        "nombre": "LOS RIOS"
      },
      "geometry": {
        "type": "Point",
        "coordinates": [
          -74.1481964616637,
          4.090122779050759
        ]
      }
    },
    {
      "type": "Feature",
      "properties": {
        "id": 1065,
        "codigo": "008401",
        "nombre": "LA CALLEJA"
      },
      "geometry": {
        "type": "Point",
        "coordinates": [
          -74.04890511620184,
          4.7106243116405935
        ]
      }
    },
    {
      "type": "Feature",
      "properties": {
        "id": 1066,
        "codigo": "002613",
        "nombre": "EL PROGRESO USME"
      },
      "geometry": {
        "type": "Point",
        "coordinates": [
          -74.1037491783648,
          4.49723126884083
        ]
      }
    },
    {
      "type": "Feature",
      "properties": {
        "id": 1067,
        "codigo": "001423",
        "nombre": "ARBOLEDA SUR"
      },
      "geometry": {
        "type": "Point",
        "coordinates": [
          -74.11838951212512,
          4.563547618858957
        ]
      }
    },
    {
      "type": "Feature",
      "properties": {
        "id": 1068,
        "codigo": "004202",
        "nombre": "COMUNEROS"
      },
      "geometry": {
        "type": "Point",
        "coordinates": [
          -74.10233409474043,
          4.6071520331503955
        ]
      }
    },
    {
      "type": "Feature",
      "properties": {
        "id": 1069,
        "codigo": "008109",
        "nombre": "SAN MARTIN"
      },
      "geometry": {
        "type": "Point",
        "coordinates": [
          -74.06739164624544,
          4.617025196784521
        ]
      }
    },
    {
      "type": "Feature",
      "properties": {
        "id": 1070,
        "codigo": "005644",
        "nombre": "BOCHICA II"
      },
      "geometry": {
        "type": "Point",
        "coordinates": [
          -74.10943083462053,
          4.714825125555166
        ]
      }
    },
    {
      "type": "Feature",
      "properties": {
        "id": 1071,
        "codigo": "004413",
        "nombre": "AUTOPISTA MUZU ORIENTAL"
      },
      "geometry": {
        "type": "Point",
        "coordinates": [
          -74.11815599868042,
          4.596422191449857
        ]
      }
    },
    {
      "type": "Feature",
      "properties": {
        "id": 1072,
        "codigo": "007208",
        "nombre": "BANCO CENTRAL"
      },
      "geometry": {
        "type": "Point",
        "coordinates": [
          -74.07040237435214,
          4.642476692652806
        ]
      }
    },
    {
      "type": "Feature",
      "properties": {
        "id": 1073,
        "codigo": "006509",
        "nombre": "LUSITANIA"
      },
      "geometry": {
        "type": "Point",
        "coordinates": [
          -74.12265651280846,
          4.634471355485081
        ]
      }
    },
    {
      "type": "Feature",
      "properties": {
        "id": 1074,
        "codigo": "009207",
        "nombre": "VILLA ELISA"
      },
      "geometry": {
        "type": "Point",
        "coordinates": [
          -74.08847142585333,
          4.734860021562312
        ]
      }
    },
    {
      "type": "Feature",
      "properties": {
        "id": 1075,
        "codigo": "005115",
        "nombre": "PARQUE POPULAR SALITRE"
      },
      "geometry": {
        "type": "Point",
        "coordinates": [
          -74.08928344248463,
          4.665908420223499
        ]
      }
    },
    {
      "type": "Feature",
      "properties": {
        "id": 1076,
        "codigo": "004607",
        "nombre": "CIUDAD DE CALI"
      },
      "geometry": {
        "type": "Point",
        "coordinates": [
          -74.17234248947001,
          4.641180254864319
        ]
      }
    },
    {
      "type": "Feature",
      "properties": {
        "id": 1077,
        "codigo": "005670",
        "nombre": "LA RIVIERA"
      },
      "geometry": {
        "type": "Point",
        "coordinates": [
          -74.13179090400132,
          4.712651507799853
        ]
      }
    },
    {
      "type": "Feature",
      "properties": {
        "id": 1078,
        "codigo": "004212",
        "nombre": "TIBANA"
      },
      "geometry": {
        "type": "Point",
        "coordinates": [
          -74.1065125969759,
          4.611303048847812
        ]
      }
    },
    {
      "type": "Feature",
      "properties": {
        "id": 1079,
        "codigo": "006532",
        "nombre": "KASANDRA"
      },
      "geometry": {
        "type": "Point",
        "coordinates": [
          -74.16966391734663,
          4.693192385292906
        ]
      }
    },
    {
      "type": "Feature",
      "properties": {
        "id": 1080,
        "codigo": "002437",
        "nombre": "LA PRADERA"
      },
      "geometry": {
        "type": "Point",
        "coordinates": [
          -74.16233586898223,
          4.571731339709349
        ]
      }
    },
    {
      "type": "Feature",
      "properties": {
        "id": 1081,
        "codigo": "005623",
        "nombre": "LOS ANGELES"
      },
      "geometry": {
        "type": "Point",
        "coordinates": [
          -74.12009767045001,
          4.696570842666096
        ]
      }
    },
    {
      "type": "Feature",
      "properties": {
        "id": 1082,
        "codigo": "007201",
        "nombre": "CAMPIN"
      },
      "geometry": {
        "type": "Point",
        "coordinates": [
          -74.07616638233517,
          4.64841466860958
        ]
      }
    },
    {
      "type": "Feature",
      "properties": {
        "id": 1083,
        "codigo": "005113",
        "nombre": "PAULO VI"
      },
      "geometry": {
        "type": "Point",
        "coordinates": [
          -74.08832881821759,
          4.650978984879919
        ]
      }
    },
    {
      "type": "Feature",
      "properties": {
        "id": 1084,
        "codigo": "009130",
        "nombre": "CANODROMO"
      },
      "geometry": {
        "type": "Point",
        "coordinates": [
          -74.05632940465495,
          4.710867208004629
        ]
      }
    },
    {
      "type": "Feature",
      "properties": {
        "id": 1085,
        "codigo": "008526",
        "nombre": "EL VERVENAL"
      },
      "geometry": {
        "type": "Point",
        "coordinates": [
          -74.04103512287986,
          4.761810046061035
        ]
      }
    },
    {
      "type": "Feature",
      "properties": {
        "id": 1086,
        "codigo": "002636",
        "nombre": "LA HUERTA"
      },
      "geometry": {
        "type": "Point",
        "coordinates": [
          -74.10209289031472,
          4.48433533506327
        ]
      }
    },
    {
      "type": "Feature",
      "properties": {
        "id": 1087,
        "codigo": "208103",
        "nombre": "BARRANCAS ORIENTAL"
      },
      "geometry": {
        "type": "Point",
        "coordinates": [
          -74.01655739937624,
          4.743310509757549
        ]
      }
    },
    {
      "type": "Feature",
      "properties": {
        "id": 1088,
        "codigo": "008543",
        "nombre": "SANTA CECILIA PUENTE NORTE"
      },
      "geometry": {
        "type": "Point",
        "coordinates": [
          -74.01561217625286,
          4.7346492139104175
        ]
      }
    },
    {
      "type": "Feature",
      "properties": {
        "id": 1089,
        "codigo": "008201",
        "nombre": "QUINTA CAMACHO"
      },
      "geometry": {
        "type": "Point",
        "coordinates": [
          -74.05956646349145,
          4.654741624204072
        ]
      }
    },
    {
      "type": "Feature",
      "properties": {
        "id": 1090,
        "codigo": "002413",
        "nombre": "MUZU"
      },
      "geometry": {
        "type": "Point",
        "coordinates": [
          -74.14524992112234,
          4.580321064071902
        ]
      }
    },
    {
      "type": "Feature",
      "properties": {
        "id": 1091,
        "codigo": "006311",
        "nombre": "MODELIA"
      },
      "geometry": {
        "type": "Point",
        "coordinates": [
          -74.11556594252288,
          4.666197841713101
        ]
      }
    },
    {
      "type": "Feature",
      "properties": {
        "id": 1092,
        "codigo": "004635",
        "nombre": "SAN BERNARDINO II"
      },
      "geometry": {
        "type": "Point",
        "coordinates": [
          -74.19768239707939,
          4.636746083251363
        ]
      }
    },
    {
      "type": "Feature",
      "properties": {
        "id": 1093,
        "codigo": "004503",
        "nombre": "PROVIVIENDA ORIENTAL"
      },
      "geometry": {
        "type": "Point",
        "coordinates": [
          -74.13146298264964,
          4.614783992921447
        ]
      }
    },
    {
      "type": "Feature",
      "properties": {
        "id": 1094,
        "codigo": "002103",
        "nombre": "RESTREPO"
      },
      "geometry": {
        "type": "Point",
        "coordinates": [
          -74.1005113326076,
          4.585238864478424
        ]
      }
    },
    {
      "type": "Feature",
      "properties": {
        "id": 1095,
        "codigo": "006313",
        "nombre": "SALITRE OCCIDENTAL"
      },
      "geometry": {
        "type": "Point",
        "coordinates": [
          -74.10884674282757,
          4.651632043240322
        ]
      }
    },
    {
      "type": "Feature",
      "properties": {
        "id": 1096,
        "codigo": "002456",
        "nombre": "QUIBA I"
      },
      "geometry": {
        "type": "Point",
        "coordinates": [
          -74.14053200358933,
          4.54152124019231
        ]
      }
    },
    {
      "type": "Feature",
      "properties": {
        "id": 1097,
        "codigo": "007307",
        "nombre": "MUEQUETA"
      },
      "geometry": {
        "type": "Point",
        "coordinates": [
          -74.07108963465176,
          4.653070696419242
        ]
      }
    },
    {
      "type": "Feature",
      "properties": {
        "id": 1098,
        "codigo": "002554",
        "nombre": "GIBRALTAR SUR"
      },
      "geometry": {
        "type": "Point",
        "coordinates": [
          -74.14247529359078,
          4.555342811022979
        ]
      }
    },
    {
      "type": "Feature",
      "properties": {
        "id": 1099,
        "codigo": "005307",
        "nombre": "LOS ANDES"
      },
      "geometry": {
        "type": "Point",
        "coordinates": [
          -74.07039065260834,
          4.686315103658395
        ]
      }
    },
    {
      "type": "Feature",
      "properties": {
        "id": 1100,
        "codigo": "001317",
        "nombre": "PUENTE COLORADO"
      },
      "geometry": {
        "type": "Point",
        "coordinates": [
          -74.08290431275454,
          4.541954785753344
        ]
      }
    },
    {
      "type": "Feature",
      "properties": {
        "id": 1101,
        "codigo": "005663",
        "nombre": "EL DORADO INDUSTRIAL"
      },
      "geometry": {
        "type": "Point",
        "coordinates": [
          -74.12760717444347,
          4.723097437579603
        ]
      }
    },
    {
      "type": "Feature",
      "properties": {
        "id": 1102,
        "codigo": "005117",
        "nombre": "RAFAEL NUNEZ"
      },
      "geometry": {
        "type": "Point",
        "coordinates": [
          -74.08725596585488,
          4.64338467894355
        ]
      }
    },
    {
      "type": "Feature",
      "properties": {
        "id": 1103,
        "codigo": "005617",
        "nombre": "PRIMAVERA"
      },
      "geometry": {
        "type": "Point",
        "coordinates": [
          -74.10181474070788,
          4.709069126689508
        ]
      }
    },
    {
      "type": "Feature",
      "properties": {
        "id": 1104,
        "codigo": "002536",
        "nombre": "MONTEBLANCO"
      },
      "geometry": {
        "type": "Point",
        "coordinates": [
          -74.11789409460249,
          4.504962403452277
        ]
      }
    },
    {
      "type": "Feature",
      "properties": {
        "id": 1105,
        "codigo": "009128",
        "nombre": "EL PLAN"
      },
      "geometry": {
        "type": "Point",
        "coordinates": [
          -74.06670716200914,
          4.739600407728769
        ]
      }
    },
    {
      "type": "Feature",
      "properties": {
        "id": 1106,
        "codigo": "002414",
        "nombre": "ISMAEL PERDOMO"
      },
      "geometry": {
        "type": "Point",
        "coordinates": [
          -74.16965031788283,
          4.582144973174754
        ]
      }
    },
    {
      "type": "Feature",
      "properties": {
        "id": 1107,
        "codigo": "006215",
        "nombre": "PUENTE ARANDA"
      },
      "geometry": {
        "type": "Point",
        "coordinates": [
          -74.10657560298937,
          4.632982075297885
        ]
      }
    },
    {
      "type": "Feature",
      "properties": {
        "id": 1108,
        "codigo": "004510",
        "nombre": "CIUDAD KENNEDY ORIENTAL"
      },
      "geometry": {
        "type": "Point",
        "coordinates": [
          -74.1479722528203,
          4.620641672693235
        ]
      }
    },
    {
      "type": "Feature",
      "properties": {
        "id": 1109,
        "codigo": "002579",
        "nombre": "VILLA CANDELARIA"
      },
      "geometry": {
        "type": "Point",
        "coordinates": [
          -74.15296196733378,
          4.567462680478977
        ]
      }
    },
    {
      "type": "Feature",
      "properties": {
        "id": 1110,
        "codigo": "004501",
        "nombre": "HIPOTECHO"
      },
      "geometry": {
        "type": "Point",
        "coordinates": [
          -74.13214229768937,
          4.627579172635469
        ]
      }
    },
    {
      "type": "Feature",
      "properties": {
        "id": 1111,
        "codigo": "004509",
        "nombre": "CIUDAD KENNEDY"
      },
      "geometry": {
        "type": "Point",
        "coordinates": [
          -74.14142361745667,
          4.623904502460343
        ]
      }
    },
    {
      "type": "Feature",
      "properties": {
        "id": 1112,
        "codigo": "002601",
        "nombre": "ARRAYANES I"
      },
      "geometry": {
        "type": "Point",
        "coordinates": [
          -74.10092359548057,
          4.542801601508039
        ]
      }
    },
    {
      "type": "Feature",
      "properties": {
        "id": 1113,
        "codigo": "006508",
        "nombre": "LAS DOS AVENIDAS"
      },
      "geometry": {
        "type": "Point",
        "coordinates": [
          -74.1422432784865,
          4.6332540329704
        ]
      }
    },
    {
      "type": "Feature",
      "properties": {
        "id": 1114,
        "codigo": "009228",
        "nombre": "LOMBARDIA"
      },
      "geometry": {
        "type": "Point",
        "coordinates": [
          -74.10196933593267,
          4.747800944438731
        ]
      }
    },
    {
      "type": "Feature",
      "properties": {
        "id": 1115,
        "codigo": "001329",
        "nombre": "EL PARAISO"
      },
      "geometry": {
        "type": "Point",
        "coordinates": [
          -74.09192018344626,
          4.540863166321969
        ]
      }
    },
    {
      "type": "Feature",
      "properties": {
        "id": 1116,
        "codigo": "005629",
        "nombre": "EL CEDRO"
      },
      "geometry": {
        "type": "Point",
        "coordinates": [
          -74.11506059400433,
          4.705030979658135
        ]
      }
    },
    {
      "type": "Feature",
      "properties": {
        "id": 1117,
        "codigo": "001408",
        "nombre": "VILLA DE LOS ALPES"
      },
      "geometry": {
        "type": "Point",
        "coordinates": [
          -74.09699082823299,
          4.559445573917009
        ]
      }
    },
    {
      "type": "Feature",
      "properties": {
        "id": 1118,
        "codigo": "004592",
        "nombre": "SAN MARTIN"
      },
      "geometry": {
        "type": "Point",
        "coordinates": [
          -74.18797153502379,
          4.628723537869658
        ]
      }
    },
    {
      "type": "Feature",
      "properties": {
        "id": 1119,
        "codigo": "103205",
        "nombre": "RAIZAL"
      },
      "geometry": {
        "type": "Point",
        "coordinates": [
          -74.14247727313725,
          4.187735423112763
        ]
      }
    },
    {
      "type": "Feature",
      "properties": {
        "id": 1120,
        "codigo": "007308",
        "nombre": "QUINTA MUTIS"
      },
      "geometry": {
        "type": "Point",
        "coordinates": [
          -74.07345949012652,
          4.653425893691731
        ]
      }
    },
    {
      "type": "Feature",
      "properties": {
        "id": 1121,
        "codigo": "002449",
        "nombre": "ESPINO I"
      },
      "geometry": {
        "type": "Point",
        "coordinates": [
          -74.17740146460447,
          4.5832022664330765
        ]
      }
    },
    {
      "type": "Feature",
      "properties": {
        "id": 1122,
        "codigo": "008409",
        "nombre": "ESCUELA DE CABALLERIA I"
      },
      "geometry": {
        "type": "Point",
        "coordinates": [
          -74.03297479080297,
          4.684784737101226
        ]
      }
    },
    {
      "type": "Feature",
      "properties": {
        "id": 1123,
        "codigo": "004579",
        "nombre": "ESCOCIA"
      },
      "geometry": {
        "type": "Point",
        "coordinates": [
          -74.18755115847704,
          4.625376172715017
        ]
      }
    },
    {
      "type": "Feature",
      "properties": {
        "id": 1124,
        "codigo": "004310",
        "nombre": "PROVIVIENDA NORTE"
      },
      "geometry": {
        "type": "Point",
        "coordinates": [
          -74.12570610579283,
          4.6136579479614115
        ]
      }
    },
    {
      "type": "Feature",
      "properties": {
        "id": 1125,
        "codigo": "001428",
        "nombre": "CERROS DE ORIENTE"
      },
      "geometry": {
        "type": "Point",
        "coordinates": [
          -74.10519880267952,
          4.555785782164333
        ]
      }
    },
    {
      "type": "Feature",
      "properties": {
        "id": 1126,
        "codigo": "005640",
        "nombre": "BOLIVIA ORIENTAL"
      },
      "geometry": {
        "type": "Point",
        "coordinates": [
          -74.10862878126655,
          4.720341258444629
        ]
      }
    },
    {
      "type": "Feature",
      "properties": {
        "id": 1127,
        "codigo": "004538",
        "nombre": "OLARTE"
      },
      "geometry": {
        "type": "Point",
        "coordinates": [
          -74.16460273790243,
          4.600012436142732
        ]
      }
    },
    {
      "type": "Feature",
      "properties": {
        "id": 1128,
        "codigo": "006315",
        "nombre": "LA ESPERANZA SUR"
      },
      "geometry": {
        "type": "Point",
        "coordinates": [
          -74.11704264728387,
          4.657665671084565
        ]
      }
    },
    {
      "type": "Feature",
      "properties": {
        "id": 1129,
        "codigo": "009118",
        "nombre": "BATAN"
      },
      "geometry": {
        "type": "Point",
        "coordinates": [
          -74.06366969648433,
          4.706764989095502
        ]
      }
    },
    {
      "type": "Feature",
      "properties": {
        "id": 1130,
        "codigo": "005108",
        "nombre": "CIUDAD UNIVERSITARIA"
      },
      "geometry": {
        "type": "Point",
        "coordinates": [
          -74.08459584009269,
          4.637846982275878
        ]
      }
    },
    {
      "type": "Feature",
      "properties": {
        "id": 1131,
        "codigo": "002576",
        "nombre": "SERRANIAS I"
      },
      "geometry": {
        "type": "Point",
        "coordinates": [
          -74.11161610546007,
          4.4976961492799425
        ]
      }
    },
    {
      "type": "Feature",
      "properties": {
        "id": 1132,
        "codigo": "101306",
        "nombre": "TIBAQUE"
      },
      "geometry": {
        "type": "Point",
        "coordinates": [
          -74.06443374476243,
          4.526763171698743
        ]
      }
    },
    {
      "type": "Feature",
      "properties": {
        "id": 1133,
        "codigo": "009235",
        "nombre": "CIUDAD HUNZA"
      },
      "geometry": {
        "type": "Point",
        "coordinates": [
          -74.08742628155265,
          4.720913092025473
        ]
      }
    },
    {
      "type": "Feature",
      "properties": {
        "id": 1134,
        "codigo": "004103",
        "nombre": "VOTO NACIONAL"
      },
      "geometry": {
        "type": "Point",
        "coordinates": [
          -74.08374064745323,
          4.603330154695022
        ]
      }
    },
    {
      "type": "Feature",
      "properties": {
        "id": 1135,
        "codigo": "104129",
        "nombre": "EL MOCHUELO II"
      },
      "geometry": {
        "type": "Point",
        "coordinates": [
          -74.13906665790599,
          4.519095111935982
        ]
      }
    },
    {
      "type": "Feature",
      "properties": {
        "id": 1136,
        "codigo": "004612",
        "nombre": "DINDALITO"
      },
      "geometry": {
        "type": "Point",
        "coordinates": [
          -74.17530646310115,
          4.6405341635193915
        ]
      }
    },
    {
      "type": "Feature",
      "properties": {
        "id": 1137,
        "codigo": "009102",
        "nombre": "BRITALIA"
      },
      "geometry": {
        "type": "Point",
        "coordinates": [
          -74.05475716688355,
          4.748255145936201
        ]
      }
    },
    {
      "type": "Feature",
      "properties": {
        "id": 1138,
        "codigo": "002310",
        "nombre": "MURILLO TORO"
      },
      "geometry": {
        "type": "Point",
        "coordinates": [
          -74.11790147079967,
          4.585346420514543
        ]
      }
    },
    {
      "type": "Feature",
      "properties": {
        "id": 1139,
        "codigo": "002201",
        "nombre": "OLAYA"
      },
      "geometry": {
        "type": "Point",
        "coordinates": [
          -74.10682973623857,
          4.58203097980048
        ]
      }
    },
    {
      "type": "Feature",
      "properties": {
        "id": 1140,
        "codigo": "004547",
        "nombre": "CORABASTOS"
      },
      "geometry": {
        "type": "Point",
        "coordinates": [
          -74.15907604008441,
          4.631162007209347
        ]
      }
    },
    {
      "type": "Feature",
      "properties": {
        "id": 1141,
        "codigo": "107111",
        "nombre": "CASABLANCA SUBA II"
      },
      "geometry": {
        "type": "Point",
        "coordinates": [
          -74.05452949162601,
          4.825570643808224
        ]
      }
    },
    {
      "type": "Feature",
      "properties": {
        "id": 1142,
        "codigo": "008515",
        "nombre": "LOS CEDROS"
      },
      "geometry": {
        "type": "Point",
        "coordinates": [
          -74.04694562503704,
          4.724933507668282
        ]
      }
    },
    {
      "type": "Feature",
      "properties": {
        "id": 1143,
        "codigo": "001210",
        "nombre": "CALVO SUR"
      },
      "geometry": {
        "type": "Point",
        "coordinates": [
          -74.08376883264873,
          4.584614255757706
        ]
      }
    },
    {
      "type": "Feature",
      "properties": {
        "id": 1144,
        "codigo": "004403",
        "nombre": "AUTOPISTA MUZU"
      },
      "geometry": {
        "type": "Point",
        "coordinates": [
          -74.12248591826976,
          4.597891465039687
        ]
      }
    },
    {
      "type": "Feature",
      "properties": {
        "id": 1145,
        "codigo": "001108",
        "nombre": "SAN CRISTOBAL SUR"
      },
      "geometry": {
        "type": "Point",
        "coordinates": [
          -74.08025252307426,
          4.571179631192788
        ]
      }
    },
    {
      "type": "Feature",
      "properties": {
        "id": 1146,
        "codigo": "008426",
        "nombre": "SAN GABRIEL NORTE II"
      },
      "geometry": {
        "type": "Point",
        "coordinates": [
          -74.02701940545637,
          4.701013494661977
        ]
      }
    },
    {
      "type": "Feature",
      "properties": {
        "id": 1147,
        "codigo": "105104",
        "nombre": "EL TINTAL"
      },
      "geometry": {
        "type": "Point",
        "coordinates": [
          -74.16441812711265,
          4.669869037864377
        ]
      }
    },
    {
      "type": "Feature",
      "properties": {
        "id": 1148,
        "codigo": "002519",
        "nombre": "DANUBIO"
      },
      "geometry": {
        "type": "Point",
        "coordinates": [
          -74.1158152854345,
          4.539258703047829
        ]
      }
    },
    {
      "type": "Feature",
      "properties": {
        "id": 1149,
        "codigo": "002505",
        "nombre": "NUEVO SAN ANDRES"
      },
      "geometry": {
        "type": "Point",
        "coordinates": [
          -74.11982367333478,
          4.52516004984772
        ]
      }
    },
    {
      "type": "Feature",
      "properties": {
        "id": 1150,
        "codigo": "002431",
        "nombre": "POTOSI"
      },
      "geometry": {
        "type": "Point",
        "coordinates": [
          -74.17035021546786,
          4.569169483160967
        ]
      }
    },
    {
      "type": "Feature",
      "properties": {
        "id": 1151,
        "codigo": "001412",
        "nombre": "GRANJAS SAN PABLO"
      },
      "geometry": {
        "type": "Point",
        "coordinates": [
          -74.11684944318051,
          4.5730648099459295
        ]
      }
    },
    {
      "type": "Feature",
      "properties": {
        "id": 1152,
        "codigo": "002637",
        "nombre": "ARRAYANES VI"
      },
      "geometry": {
        "type": "Point",
        "coordinates": [
          -74.09979152013388,
          4.5368922266329506
        ]
      }
    },
    {
      "type": "Feature",
      "properties": {
        "id": 1153,
        "codigo": "109107",
        "nombre": "CHORRERAS"
      },
      "geometry": {
        "type": "Point",
        "coordinates": [
          -74.28314190727107,
          3.9902100115853187
        ]
      }
    },
    {
      "type": "Feature",
      "properties": {
        "id": 1154,
        "codigo": "004406",
        "nombre": "OSPINA PEREZ"
      },
      "geometry": {
        "type": "Point",
        "coordinates": [
          -74.12934811697188,
          4.599462122224131
        ]
      }
    },
    {
      "type": "Feature",
      "properties": {
        "id": 1155,
        "codigo": "009236",
        "nombre": "LA CAROLINA DE SUBA"
      },
      "geometry": {
        "type": "Point",
        "coordinates": [
          -74.1053920015064,
          4.727942531241725
        ]
      }
    },
    {
      "type": "Feature",
      "properties": {
        "id": 1156,
        "codigo": "002514",
        "nombre": "MEISSEN"
      },
      "geometry": {
        "type": "Point",
        "coordinates": [
          -74.13580989756467,
          4.559142376978688
        ]
      }
    },
    {
      "type": "Feature",
      "properties": {
        "id": 1157,
        "codigo": "004102",
        "nombre": "LA SABANA"
      },
      "geometry": {
        "type": "Point",
        "coordinates": [
          -74.08709781006186,
          4.607860681982512
        ]
      }
    },
    {
      "type": "Feature",
      "properties": {
        "id": 1158,
        "codigo": "002627",
        "nombre": "LA REFORMA"
      },
      "geometry": {
        "type": "Point",
        "coordinates": [
          -74.10424941403441,
          4.500893799819972
        ]
      }
    },
    {
      "type": "Feature",
      "properties": {
        "id": 1159,
        "codigo": "102114",
        "nombre": "LOS ANDES"
      },
      "geometry": {
        "type": "Point",
        "coordinates": [
          -74.16856896026859,
          4.345005495076032
        ]
      }
    },
    {
      "type": "Feature",
      "properties": {
        "id": 1160,
        "codigo": "002453",
        "nombre": "CIUDAD BOLIVAR"
      },
      "geometry": {
        "type": "Point",
        "coordinates": [
          -74.1721865613265,
          4.559657151055259
        ]
      }
    },
    {
      "type": "Feature",
      "properties": {
        "id": 1161,
        "codigo": "008514",
        "nombre": "EL CONTADOR"
      },
      "geometry": {
        "type": "Point",
        "coordinates": [
          -74.04420380773736,
          4.720499761765737
        ]
      }
    },
    {
      "type": "Feature",
      "properties": {
        "id": 1162,
        "codigo": "005649",
        "nombre": "VILLAS DE GRANADA I"
      },
      "geometry": {
        "type": "Point",
        "coordinates": [
          -74.12141802075972,
          4.717807376825728
        ]
      }
    },
    {
      "type": "Feature",
      "properties": {
        "id": 1163,
        "codigo": "001427",
        "nombre": "PUERTO RICO"
      },
      "geometry": {
        "type": "Point",
        "coordinates": [
          -74.10975709107653,
          4.560888237277375
        ]
      }
    },
    {
      "type": "Feature",
      "properties": {
        "id": 1164,
        "codigo": "004301",
        "nombre": "SAN RAFAEL INDUSTRIAL"
      },
      "geometry": {
        "type": "Point",
        "coordinates": [
          -74.11133598909117,
          4.625772499006896
        ]
      }
    },
    {
      "type": "Feature",
      "properties": {
        "id": 1165,
        "codigo": "004565",
        "nombre": "TOCAREMA"
      },
      "geometry": {
        "type": "Point",
        "coordinates": [
          -74.1635181803827,
          4.612893900187564
        ]
      }
    },
    {
      "type": "Feature",
      "properties": {
        "id": 1166,
        "codigo": "008507",
        "nombre": "BARRANCAS"
      },
      "geometry": {
        "type": "Point",
        "coordinates": [
          -74.02796142968648,
          4.731036864650494
        ]
      }
    },
    {
      "type": "Feature",
      "properties": {
        "id": 1167,
        "codigo": "004545",
        "nombre": "CATALINA"
      },
      "geometry": {
        "type": "Point",
        "coordinates": [
          -74.16824000264974,
          4.610397655860889
        ]
      }
    },
    {
      "type": "Feature",
      "properties": {
        "id": 1168,
        "codigo": "006319",
        "nombre": "TERMINAL DE TRANSPORTES"
      },
      "geometry": {
        "type": "Point",
        "coordinates": [
          -74.11453470361083,
          4.65394287865936
        ]
      }
    },
    {
      "type": "Feature",
      "properties": {
        "id": 1169,
        "codigo": "202511",
        "nombre": "PUERTA AL LLANO RURAL"
      },
      "geometry": {
        "type": "Point",
        "coordinates": [
          -74.10792468052594,
          4.490292359846069
        ]
      }
    },
    {
      "type": "Feature",
      "properties": {
        "id": 1170,
        "codigo": "109111",
        "nombre": "SAN JOSE"
      },
      "geometry": {
        "type": "Point",
        "coordinates": [
          -74.37322232403366,
          3.809720128261742
        ]
      }
    },
    {
      "type": "Feature",
      "properties": {
        "id": 1171,
        "codigo": "009240",
        "nombre": "POTRERILLO"
      },
      "geometry": {
        "type": "Point",
        "coordinates": [
          -74.09587877654445,
          4.736417506382781
        ]
      }
    },
    {
      "type": "Feature",
      "properties": {
        "id": 1172,
        "codigo": "002504",
        "nombre": "COMPARTIR"
      },
      "geometry": {
        "type": "Point",
        "coordinates": [
          -74.14683494489144,
          4.557108667687106
        ]
      }
    },
    {
      "type": "Feature",
      "properties": {
        "id": 1173,
        "codigo": "002416",
        "nombre": "EL ENSUENO"
      },
      "geometry": {
        "type": "Point",
        "coordinates": [
          -74.15947613082182,
          4.583952417954533
        ]
      }
    },
    {
      "type": "Feature",
      "properties": {
        "id": 1174,
        "codigo": "002635",
        "nombre": "BRISAS DEL LLANO"
      },
      "geometry": {
        "type": "Point",
        "coordinates": [
          -74.10463512500799,
          4.485929516333765
        ]
      }
    },
    {
      "type": "Feature",
      "properties": {
        "id": 1175,
        "codigo": "005603",
        "nombre": "BOYACA"
      },
      "geometry": {
        "type": "Point",
        "coordinates": [
          -74.09964312321046,
          4.686109914382478
        ]
      }
    },
    {
      "type": "Feature",
      "properties": {
        "id": 1176,
        "codigo": "008203",
        "nombre": "LAS ACACIAS"
      },
      "geometry": {
        "type": "Point",
        "coordinates": [
          -74.05149011040977,
          4.65063085361181
        ]
      }
    },
    {
      "type": "Feature",
      "properties": {
        "id": 1177,
        "codigo": "006514",
        "nombre": "VERGEL OCCIDENTAL"
      },
      "geometry": {
        "type": "Point",
        "coordinates": [
          -74.13955979313707,
          4.652167138242207
        ]
      }
    },
    {
      "type": "Feature",
      "properties": {
        "id": 1178,
        "codigo": "007303",
        "nombre": "COLOMBIA"
      },
      "geometry": {
        "type": "Point",
        "coordinates": [
          -74.06642846358211,
          4.659670281487015
        ]
      }
    },
    {
      "type": "Feature",
      "properties": {
        "id": 1179,
        "codigo": "008414",
        "nombre": "SANTA ANA OCCIDENTAL"
      },
      "geometry": {
        "type": "Point",
        "coordinates": [
          -74.036888012271,
          4.6892340301796365
        ]
      }
    },
    {
      "type": "Feature",
      "properties": {
        "id": 1180,
        "codigo": "002621",
        "nombre": "SAN FELIPE DE USME"
      },
      "geometry": {
        "type": "Point",
        "coordinates": [
          -74.0992993567541,
          4.50205998767629
        ]
      }
    },
    {
      "type": "Feature",
      "properties": {
        "id": 1181,
        "codigo": "002428",
        "nombre": "PRIMAVERA II"
      },
      "geometry": {
        "type": "Point",
        "coordinates": [
          -74.18058443071435,
          4.593714039056845
        ]
      }
    },
    {
      "type": "Feature",
      "properties": {
        "id": 1182,
        "codigo": "007102",
        "nombre": "SANTA TERESITA"
      },
      "geometry": {
        "type": "Point",
        "coordinates": [
          -74.07070249125638,
          4.631748300518432
        ]
      }
    },
    {
      "type": "Feature",
      "properties": {
        "id": 1183,
        "codigo": "006110",
        "nombre": "USATAMA"
      },
      "geometry": {
        "type": "Point",
        "coordinates": [
          -74.08312050292474,
          4.621869039807724
        ]
      }
    },
    {
      "type": "Feature",
      "properties": {
        "id": 1184,
        "codigo": "108111",
        "nombre": "TIBABITA RURAL I"
      },
      "geometry": {
        "type": "Point",
        "coordinates": [
          -74.01596736984811,
          4.758041997597369
        ]
      }
    },
    {
      "type": "Feature",
      "properties": {
        "id": 1185,
        "codigo": "005679",
        "nombre": "SAN ANTONIO ENGATIVA"
      },
      "geometry": {
        "type": "Point",
        "coordinates": [
          -74.12757756900152,
          4.702887151863469
        ]
      }
    },
    {
      "type": "Feature",
      "properties": {
        "id": 1186,
        "codigo": "002405",
        "nombre": "ESCUELA GENERAL SANTANDER"
      },
      "geometry": {
        "type": "Point",
        "coordinates": [
          -74.13191883085041,
          4.589752796659332
        ]
      }
    },
    {
      "type": "Feature",
      "properties": {
        "id": 1187,
        "codigo": "009108",
        "nombre": "CIUDAD JARDIN NORTE"
      },
      "geometry": {
        "type": "Point",
        "coordinates": [
          -74.07120854171805,
          4.722289896995768
        ]
      }
    },
    {
      "type": "Feature",
      "properties": {
        "id": 1188,
        "codigo": "209104",
        "nombre": "SAN JUAN URBANO"
      },
      "geometry": {
        "type": "Point",
        "coordinates": [
          -74.31454362982608,
          4.02915786635456
        ]
      }
    },
    {
      "type": "Feature",
      "properties": {
        "id": 1189,
        "codigo": "002308",
        "nombre": "CLARET"
      },
      "geometry": {
        "type": "Point",
        "coordinates": [
          -74.12778316525159,
          4.583199557242923
        ]
      }
    },
    {
      "type": "Feature",
      "properties": {
        "id": 1190,
        "codigo": "005657",
        "nombre": "SABANA DEL DORADO"
      },
      "geometry": {
        "type": "Point",
        "coordinates": [
          -74.14255287158423,
          4.710963849438663
        ]
      }
    },
    {
      "type": "Feature",
      "properties": {
        "id": 1191,
        "codigo": "006515",
        "nombre": "VALLADOLID"
      },
      "geometry": {
        "type": "Point",
        "coordinates": [
          -74.14686599421178,
          4.645439436128151
        ]
      }
    },
    {
      "type": "Feature",
      "properties": {
        "id": 1192,
        "codigo": "009219",
        "nombre": "CAMPANELLA"
      },
      "geometry": {
        "type": "Point",
        "coordinates": [
          -74.08530736391417,
          4.750741546880518
        ]
      }
    },
    {
      "type": "Feature",
      "properties": {
        "id": 1193,
        "codigo": "002633",
        "nombre": "LAS VIOLETAS"
      },
      "geometry": {
        "type": "Point",
        "coordinates": [
          -74.08082683805048,
          4.498912087537637
        ]
      }
    },
    {
      "type": "Feature",
      "properties": {
        "id": 1194,
        "codigo": "008547",
        "nombre": "LA ESTRELLITA III"
      },
      "geometry": {
        "type": "Point",
        "coordinates": [
          -74.02278373833826,
          4.759739582212098
        ]
      }
    },
    {
      "type": "Feature",
      "properties": {
        "id": 1195,
        "codigo": "005202",
        "nombre": "DOCE DE OCTUBRE"
      },
      "geometry": {
        "type": "Point",
        "coordinates": [
          -74.074430106784,
          4.66981133231857
        ]
      }
    },
    {
      "type": "Feature",
      "properties": {
        "id": 1196,
        "codigo": "004550",
        "nombre": "JOSE MARIA CARBONEL"
      },
      "geometry": {
        "type": "Point",
        "coordinates": [
          -74.19697777274303,
          4.60255583581058
        ]
      }
    },
    {
      "type": "Feature",
      "properties": {
        "id": 1197,
        "codigo": "006517",
        "nombre": "MARIA PAZ"
      },
      "geometry": {
        "type": "Point",
        "coordinates": [
          -74.15788894166403,
          4.6362118423021705
        ]
      }
    },
    {
      "type": "Feature",
      "properties": {
        "id": 1198,
        "codigo": "007406",
        "nombre": "SANTA SOFIA"
      },
      "geometry": {
        "type": "Point",
        "coordinates": [
          -74.06751781186519,
          4.670873128298961
        ]
      }
    },
    {
      "type": "Feature",
      "properties": {
        "id": 1199,
        "codigo": "009251",
        "nombre": "SAN CARLOS DE SUBA"
      },
      "geometry": {
        "type": "Point",
        "coordinates": [
          -74.11322550345662,
          4.749694836548588
        ]
      }
    }
  ]
}